var1.pred,long,lat
0.044437417,-74.1731,40.56348
0.041338252,-74.164,40.56348
0.042226139,-74.1549,40.56348
0.04487762,-74.1458,40.56348
0.048974711,-74.1367,40.56348
0.055515333,-74.1276,40.56348
0.065128595,-74.1185,40.56348
0.070555147,-74.1094,40.56348
0.056608067,-74.1003,40.56348
0.047221594,-74.0912,40.56348
0.056120177,-74.0821,40.56348
0.083112698,-74.073,40.56348
0.120438531,-74.0639,40.56348
0.161542669,-74.0548,40.56348
0.202390007,-74.0457,40.56348
0.240830331,-74.0366,40.56348
0.276091318,-74.0275,40.56348
0.308827835,-74.0184,40.56348
0.339850972,-74.0093,40.56348
0.369713135,-74.0002,40.56348
0.398583706,-73.9911,40.56348
0.426064911,-73.982,40.56348
0.451046927,-73.9729,40.56348
0.47182812,-73.9638,40.56348
0.486357365,-73.9547,40.56348
0.492314305,-73.9456,40.56348
0.487787477,-73.9365,40.56348
0.473138244,-73.9274,40.56348
0.451487243,-73.9183,40.56348
0.426654353,-73.9092,40.56348
0.401542971,-73.9001,40.56348
0.377952755,-73.891,40.56348
0.35689054,-73.8819,40.56348
0.338857414,-73.8728,40.56348
0.324024188,-73.8637,40.56348
0.312327909,-73.8546,40.56348
0.303532413,-73.8455,40.56348
0.297279014,-73.8364,40.56348
0.293135485,-73.8273,40.56348
0.290641362,-73.8182,40.56348
0.289345288,-73.8091,40.56348
0.288832196,-73.8,40.56348
0.288747173,-73.7909,40.56348
0.289094877,-73.7818,40.56348
0.289818585,-73.7727,40.56348
0.290763009,-73.7636,40.56348
0.291829946,-73.7545,40.56348
0.292966882,-73.7454,40.56348
0.294153131,-73.7363,40.56348
0.294712138,-73.7272,40.56348
0.294145245,-73.7181,40.56348
0.293078644,-73.709,40.56348
0.293538467,-73.6999,40.56348
0.040729749,-74.1731,40.57
0.038200186,-74.164,40.57
0.039552372,-74.1549,40.57
0.042435685,-74.1458,40.57
0.046802576,-74.1367,40.57
0.053893202,-74.1276,40.57
0.063990543,-74.1185,40.57
0.078538817,-74.1094,40.57
0.047618335,-74.1003,40.57
0.032429968,-74.0912,40.57
0.041052904,-74.0821,40.57
0.074154979,-74.073,40.57
0.118567731,-74.0639,40.57
0.164852822,-74.0548,40.57
0.20895131,-74.0457,40.57
0.249198124,-74.0366,40.57
0.285325848,-74.0275,40.57
0.318612432,-74.0184,40.57
0.349971454,-74.0093,40.57
0.380283368,-74.0002,40.57
0.410105305,-73.9911,40.57
0.439202787,-73.982,40.57
0.466299158,-73.9729,40.57
0.48929111,-73.9638,40.57
0.505801691,-73.9547,40.57
0.512751285,-73.9456,40.57
0.506519651,-73.9365,40.57
0.487097282,-73.9274,40.57
0.459688653,-73.9183,40.57
0.429777044,-73.9092,40.57
0.400718811,-73.9001,40.57
0.374250793,-73.891,40.57
0.351209273,-73.8819,40.57
0.33194196,-73.8728,40.57
0.316497459,-73.8637,40.57
0.304704831,-73.8546,40.57
0.296220058,-73.8455,40.57
0.2905744,-73.8364,40.57
0.287229377,-73.8273,40.57
0.285629881,-73.8182,40.57
0.285246736,-73.8091,40.57
0.285605505,-73.8,40.57
0.286306493,-73.7909,40.57
0.287313384,-73.7818,40.57
0.288577675,-73.7727,40.57
0.289946193,-73.7636,40.57
0.291333232,-73.7545,40.57
0.2927054,-73.7454,40.57
0.294063515,-73.7363,40.57
0.294755244,-73.7272,40.57
0.294289373,-73.7181,40.57
0.293236974,-73.709,40.57
0.293264448,-73.6999,40.57
0.038831255,-74.1731,40.57652
0.036198413,-74.164,40.57652
0.037610252,-74.1549,40.57652
0.040925056,-74.1458,40.57652
0.045688081,-74.1367,40.57652
0.051946186,-74.1276,40.57652
0.057927225,-74.1185,40.57652
0.054820099,-74.1094,40.57652
0.033741799,-74.1003,40.57652
0.014190973,-74.0912,40.57652
0.022775829,-74.0821,40.57652
0.067646705,-74.073,40.57652
0.120800454,-74.0639,40.57652
0.172103042,-74.0548,40.57652
0.218928277,-74.0457,40.57652
0.260447317,-74.0366,40.57652
0.297236716,-74.0275,40.57652
0.330471239,-74.0184,40.57652
0.36133442,-74.0093,40.57652
0.391353729,-74.0002,40.57652
0.42163353,-73.9911,40.57652
0.452192366,-73.982,40.57652
0.48153794,-73.9729,40.57652
0.506850097,-73.9638,40.57652
0.525723017,-73.9547,40.57652
0.534771051,-73.9456,40.57652
0.526915465,-73.9365,40.57652
0.500742193,-73.9274,40.57652
0.466105885,-73.9183,40.57652
0.430602464,-73.9092,40.57652
0.397566358,-73.9001,40.57652
0.368371822,-73.891,40.57652
0.343556163,-73.8819,40.57652
0.323276361,-73.8728,40.57652
0.307457241,-73.8637,40.57652
0.295821778,-73.8546,40.57652
0.287911603,-73.8455,40.57652
0.283134209,-73.8364,40.57652
0.280829866,-73.8273,40.57652
0.280337377,-73.8182,40.57652
0.28104345,-73.8091,40.57652
0.28241223,-73.8,40.57652
0.284001305,-73.7909,40.57652
0.285738393,-73.7818,40.57652
0.287582481,-73.7727,40.57652
0.289388077,-73.7636,40.57652
0.291089326,-73.7545,40.57652
0.292680121,-73.7454,40.57652
0.294189946,-73.7363,40.57652
0.29498162,-73.7272,40.57652
0.294592066,-73.7181,40.57652
0.293567873,-73.709,40.57652
0.293589177,-73.6999,40.57652
0.039124374,-74.1731,40.58304
0.034850958,-74.164,40.58304
0.037110138,-74.1549,40.58304
0.041550447,-74.1458,40.58304
0.046675552,-74.1367,40.58304
0.051724088,-74.1276,40.58304
0.053499846,-74.1185,40.58304
0.045654637,-74.1094,40.58304
0.02468147,-74.1003,40.58304
0,-74.0912,40.58304
0.006295112,-74.0821,40.58304
0.069917167,-74.073,40.58304
0.12993305,-74.0639,40.58304
0.184504021,-74.0548,40.58304
0.233163109,-74.0457,40.58304
0.27559252,-74.0366,40.58304
0.312525088,-74.0275,40.58304
0.344748553,-74.0184,40.58304
0.37401434,-74.0093,40.58304
0.402741876,-74.0002,40.58304
0.432770848,-73.9911,40.58304
0.464461238,-73.982,40.58304
0.496224721,-73.9729,40.58304
0.523546604,-73.9638,40.58304
0.5445136,-73.9547,40.58304
0.557330724,-73.9456,40.58304
0.548821968,-73.9365,40.58304
0.512220954,-73.9274,40.58304
0.469186309,-73.9183,40.58304
0.428163233,-73.9092,40.58304
0.391518499,-73.9001,40.58304
0.359983126,-73.891,40.58304
0.333722356,-73.8819,40.58304
0.312717813,-73.8728,40.58304
0.296806093,-73.8637,40.58304
0.285623552,-73.8546,40.58304
0.278593803,-73.8455,40.58304
0.274982857,-73.8364,40.58304
0.273990433,-73.8273,40.58304
0.274836213,-73.8182,40.58304
0.276817497,-73.8091,40.58304
0.279337004,-73.8,40.58304
0.281912754,-73.7909,40.58304
0.284443632,-73.7818,40.58304
0.286895256,-73.7727,40.58304
0.289136371,-73.7636,40.58304
0.291130164,-73.7545,40.58304
0.292908287,-73.7454,40.58304
0.294537531,-73.7363,40.58304
0.295388682,-73.7272,40.58304
0.295045694,-73.7181,40.58304
0.294046297,-73.709,40.58304
0.294082554,-73.6999,40.58304
0.042563593,-74.1731,40.58956
0.034236154,-74.164,40.58956
0.03985619,-74.1549,40.58956
0.045684163,-74.1458,40.58956
0.051052374,-74.1367,40.58956
0.055390329,-74.1276,40.58956
0.055406967,-74.1185,40.58956
0.047100164,-74.1094,40.58956
0.029461806,-74.1003,40.58956
0.007009879,-74.0912,40.58956
0.02984854,-74.0821,40.58956
0.087718097,-74.073,40.58956
0.147654266,-74.0639,40.58956
0.203013146,-74.0548,40.58956
0.252516022,-74.0457,40.58956
0.295442953,-74.0366,40.58956
0.331772325,-74.0275,40.58956
0.361888626,-74.0184,40.58956
0.388162269,-74.0093,40.58956
0.414320927,-74.0002,40.58956
0.443165681,-73.9911,40.58956
0.475273957,-73.982,40.58956
0.509416842,-73.9729,40.58956
0.537930663,-73.9638,40.58956
0.559439331,-73.9547,40.58956
0.575294201,-73.9456,40.58956
0.569474267,-73.9365,40.58956
0.517366615,-73.9274,40.58956
0.467019472,-73.9183,40.58956
0.42155765,-73.9092,40.58956
0.382154837,-73.9001,40.58956
0.348890817,-73.891,40.58956
0.321599675,-73.8819,40.58956
0.300187825,-73.8728,40.58956
0.28448893,-73.8637,40.58956
0.274089299,-73.8546,40.58956
0.268287437,-73.8455,40.58956
0.266179684,-73.8364,40.58956
0.266798065,-73.8273,40.58956
0.269228215,-73.8182,40.58956
0.272675119,-73.8091,40.58956
0.276483549,-73.8,40.58956
0.280137041,-73.7909,40.58956
0.283514147,-73.7818,40.58956
0.286585689,-73.7727,40.58956
0.289241851,-73.7636,40.58956
0.291486386,-73.7545,40.58956
0.293402429,-73.7454,40.58956
0.295103942,-73.7363,40.58956
0.295966621,-73.7272,40.58956
0.295636816,-73.7181,40.58956
0.294658677,-73.709,40.58956
0.294730935,-73.6999,40.58956
0.051203585,-74.1731,40.59608
0.045245922,-74.164,40.59608
0.048443999,-74.1549,40.59608
0.05410482,-74.1458,40.59608
0.059639889,-74.1367,40.59608
0.064100423,-74.1276,40.59608
0.064214195,-74.1185,40.59608
0.059204776,-74.1094,40.59608
0.050265274,-74.1003,40.59608
0.046621321,-74.0912,40.59608
0.070221767,-74.0821,40.59608
0.118253783,-74.073,40.59608
0.173667231,-74.0639,40.59608
0.227776625,-74.0548,40.59608
0.277246454,-74.0457,40.59608
0.320402389,-74.0366,40.59608
0.355634565,-74.0275,40.59608
0.382541546,-74.0184,40.59608
0.404103933,-74.0093,40.59608
0.426153013,-74.0002,40.59608
0.452796156,-73.9911,40.59608
0.484143758,-73.982,40.59608
0.51846184,-73.9729,40.59608
0.548744724,-73.9638,40.59608
0.568521285,-73.9547,40.59608
0.577254352,-73.9456,40.59608
0.56221074,-73.9365,40.59608
0.511725394,-73.9274,40.59608
0.458371261,-73.9183,40.59608
0.410328668,-73.9092,40.59608
0.369391518,-73.9001,40.59608
0.33513788,-73.891,40.59608
0.307222066,-73.8819,40.59608
0.285685394,-73.8728,40.59608
0.270496558,-73.8637,40.59608
0.261236223,-73.8546,40.59608
0.257053964,-73.8455,40.59608
0.256826979,-73.8364,40.59608
0.259380046,-73.8273,40.59608
0.263648721,-73.8182,40.59608
0.268748065,-73.8091,40.59608
0.273974229,-73.8,40.59608
0.278784295,-73.7909,40.59608
0.283045141,-73.7818,40.59608
0.28672955,-73.7727,40.59608
0.28975626,-73.7636,40.59608
0.292184239,-73.7545,40.59608
0.294166707,-73.7454,40.59608
0.295875997,-73.7363,40.59608
0.296695806,-73.7272,40.59608
0.296344592,-73.7181,40.59608
0.295387197,-73.709,40.59608
0.29552089,-73.6999,40.59608
0.063894341,-74.1731,40.6026
0.060424179,-74.164,40.6026
0.061955832,-74.1549,40.6026
0.066813382,-74.1458,40.6026
0.072602501,-74.1367,40.6026
0.07742201,-74.1276,40.6026
0.07967676,-74.1185,40.6026
0.07988553,-74.1094,40.6026
0.080339021,-74.1003,40.6026
0.088163154,-74.0912,40.6026
0.113065328,-74.0821,40.6026
0.155164485,-74.073,40.6026
0.205842226,-74.0639,40.6026
0.257885197,-74.0548,40.6026
0.307001376,-74.0457,40.6026
0.350623915,-74.0366,40.6026
0.384860352,-74.0275,40.6026
0.407727085,-74.0184,40.6026
0.422577814,-74.0093,40.6026
0.43873814,-74.0002,40.6026
0.462507347,-73.9911,40.6026
0.491560229,-73.982,40.6026
0.525543007,-73.9729,40.6026
0.557903123,-73.9638,40.6026
0.57328563,-73.9547,40.6026
0.569414231,-73.9456,40.6026
0.544794392,-73.9365,40.6026
0.497733456,-73.9274,40.6026
0.443822989,-73.9183,40.6026
0.394781117,-73.9092,40.6026
0.353679682,-73.9001,40.6026
0.319089229,-73.891,40.6026
0.290786377,-73.8819,40.6026
0.269283826,-73.8728,40.6026
0.254859722,-73.8637,40.6026
0.247120452,-73.8546,40.6026
0.245003622,-73.8455,40.6026
0.247080507,-73.8364,40.6026
0.251912047,-73.8273,40.6026
0.258270213,-73.8182,40.6026
0.265193296,-73.8091,40.6026
0.271947548,-73.8,40.6026
0.277975662,-73.7909,40.6026
0.283139662,-73.7818,40.6026
0.28740662,-73.7727,40.6026
0.290729276,-73.7636,40.6026
0.293241077,-73.7545,40.6026
0.295191748,-73.7454,40.6026
0.296825682,-73.7363,40.6026
0.297543711,-73.7272,40.6026
0.297139211,-73.7181,40.6026
0.296209358,-73.709,40.6026
0.296437065,-73.6999,40.6026
0.078624113,-74.1731,40.60912
0.076911589,-74.164,40.60912
0.078387178,-74.1549,40.60912
0.083061809,-74.1458,40.60912
0.089055971,-74.1367,40.60912
0.094968267,-74.1276,40.60912
0.100531959,-74.1185,40.60912
0.106305426,-74.1094,40.60912
0.114364763,-74.1003,40.60912
0.129013946,-74.0912,40.60912
0.155420728,-74.0821,40.60912
0.194485587,-74.073,40.60912
0.241724951,-74.0639,40.60912
0.29172936,-74.0548,40.60912
0.34072128,-74.0457,40.60912
0.385782451,-74.0366,40.60912
0.42017159,-74.0275,40.60912
0.438917917,-74.0184,40.60912
0.445761317,-74.0093,40.60912
0.453810318,-74.0002,40.60912
0.475040366,-73.9911,40.60912
0.498723064,-73.982,40.60912
0.531678867,-73.9729,40.60912
0.564808803,-73.9638,40.60912
0.574497871,-73.9547,40.60912
0.560624101,-73.9456,40.60912
0.529377521,-73.9365,40.60912
0.481246686,-73.9274,40.60912
0.425486975,-73.9183,40.60912
0.376134572,-73.9092,40.60912
0.336201357,-73.9001,40.60912
0.301457553,-73.891,40.60912
0.272631247,-73.8819,40.60912
0.251103657,-73.8728,40.60912
0.237631926,-73.8637,40.60912
0.231836835,-73.8546,40.60912
0.232307977,-73.8455,40.60912
0.237164513,-73.8364,40.60912
0.244627772,-73.8273,40.60912
0.253304679,-73.8182,40.60912
0.262189935,-73.8091,40.60912
0.270552462,-73.8,40.60912
0.277837668,-73.7909,40.60912
0.283904699,-73.7818,40.60912
0.288697784,-73.7727,40.60912
0.292204184,-73.7636,40.60912
0.294658657,-73.7545,40.60912
0.296447242,-73.7454,40.60912
0.297905686,-73.7363,40.60912
0.298461537,-73.7272,40.60912
0.297980678,-73.7181,40.60912
0.297098121,-73.709,40.60912
0.297462976,-73.6999,40.60912
0.094887773,-74.1731,40.61564
0.094659746,-74.164,40.61564
0.096778096,-74.1549,40.61564
0.101783275,-74.1458,40.61564
0.108234969,-74.1367,40.61564
0.116265556,-74.1276,40.61564
0.125268769,-74.1185,40.61564
0.136090008,-74.1094,40.61564
0.149578794,-74.1003,40.61564
0.16854581,-74.0912,40.61564
0.196498533,-74.0821,40.61564
0.234278607,-74.073,40.61564
0.279216397,-74.0639,40.61564
0.327550074,-74.0548,40.61564
0.376645455,-74.0457,40.61564
0.424134051,-74.0366,40.61564
0.461599614,-74.0275,40.61564
0.477217626,-74.0184,40.61564
0.480617255,-74.0093,40.61564
0.483229791,-74.0002,40.61564
0.496366354,-73.9911,40.61564
0.507464963,-73.982,40.61564
0.539824656,-73.9729,40.61564
0.567392912,-73.9638,40.61564
0.571997013,-73.9547,40.61564
0.553542276,-73.9456,40.61564
0.517436254,-73.9365,40.61564
0.466503432,-73.9274,40.61564
0.407520044,-73.9183,40.61564
0.357950332,-73.9092,40.61564
0.318903592,-73.9001,40.61564
0.283191794,-73.891,40.61564
0.253162135,-73.8819,40.61564
0.231261322,-73.8728,40.61564
0.218863434,-73.8637,40.61564
0.215523286,-73.8546,40.61564
0.219222574,-73.8455,40.61564
0.22739386,-73.8364,40.61564
0.237829625,-73.8273,40.61564
0.249003003,-73.8182,40.61564
0.259931871,-73.8091,40.61564
0.269937985,-73.8,40.61564
0.278492367,-73.7909,40.61564
0.28544493,-73.7818,40.61564
0.290681252,-73.7727,40.61564
0.29421163,-73.7636,40.61564
0.296412772,-73.7545,40.61564
0.297871157,-73.7454,40.61564
0.299039617,-73.7363,40.61564
0.299380977,-73.7272,40.61564
0.298818514,-73.7181,40.61564
0.298023059,-73.709,40.61564
0.298582611,-73.6999,40.61564
0.112364961,-74.1731,40.62216
0.113466118,-74.164,40.62216
0.116612471,-74.1549,40.62216
0.122037705,-74.1458,40.62216
0.129874377,-74.1367,40.62216
0.140235901,-74.1276,40.62216
0.152593503,-74.1185,40.62216
0.167304779,-74.1094,40.62216
0.184529359,-74.1003,40.62216
0.206675952,-74.0912,40.62216
0.236131014,-74.0821,40.62216
0.273398715,-74.073,40.62216
0.316810342,-74.0639,40.62216
0.363828594,-74.0548,40.62216
0.412780042,-74.0457,40.62216
0.46119384,-74.0366,40.62216
0.501182797,-74.0275,40.62216
0.521557735,-74.0184,40.62216
0.529321981,-74.0093,40.62216
0.533041231,-74.0002,40.62216
0.537105458,-73.9911,40.62216
0.529958655,-73.982,40.62216
0.559224098,-73.9729,40.62216
0.576644128,-73.9638,40.62216
0.573533737,-73.9547,40.62216
0.550335019,-73.9456,40.62216
0.510153852,-73.9365,40.62216
0.45627826,-73.9274,40.62216
0.395130284,-73.9183,40.62216
0.345441008,-73.9092,40.62216
0.303662507,-73.9001,40.62216
0.26520884,-73.891,40.62216
0.232749608,-73.8819,40.62216
0.209806394,-73.8728,40.62216
0.198575062,-73.8637,40.62216
0.198381699,-73.8546,40.62216
0.206128554,-73.8455,40.62216
0.21820541,-73.8364,40.62216
0.231897343,-73.8273,40.62216
0.245648031,-73.8182,40.62216
0.258614357,-73.8091,40.62216
0.270236492,-73.8,40.62216
0.280040737,-73.7909,40.62216
0.287852448,-73.7818,40.62216
0.293427866,-73.7727,40.62216
0.296760017,-73.7636,40.62216
0.298436176,-73.7545,40.62216
0.299353855,-73.7454,40.62216
0.300114123,-73.7363,40.62216
0.300212244,-73.7272,40.62216
0.299593324,-73.7181,40.62216
0.298953059,-73.709,40.62216
0.299783057,-73.6999,40.62216
0.130741282,-74.1731,40.62868
0.133182735,-74.164,40.62868
0.137174685,-74.1549,40.62868
0.143560451,-74.1458,40.62868
0.153379037,-74.1367,40.62868
0.166014356,-74.1276,40.62868
0.181343358,-74.1185,40.62868
0.198663995,-74.1094,40.62868
0.218770392,-74.1003,40.62868
0.243383564,-74.0912,40.62868
0.274114023,-74.0821,40.62868
0.311170071,-74.073,40.62868
0.35348127,-74.0639,40.62868
0.399421347,-74.0548,40.62868
0.447847513,-74.0457,40.62868
0.495972306,-74.0366,40.62868
0.538233578,-74.0275,40.62868
0.56968516,-74.0184,40.62868
0.587852446,-74.0093,40.62868
0.592214654,-74.0002,40.62868
0.604175066,-73.9911,40.62868
0.593429205,-73.982,40.62868
0.594461222,-73.9729,40.62868
0.594432336,-73.9638,40.62868
0.581381863,-73.9547,40.62868
0.552304717,-73.9456,40.62868
0.508235649,-73.9365,40.62868
0.452131306,-73.9274,40.62868
0.389618597,-73.9183,40.62868
0.337826889,-73.9092,40.62868
0.291313926,-73.9001,40.62868
0.24819717,-73.891,40.62868
0.211684577,-73.8819,40.62868
0.186672906,-73.8728,40.62868
0.176749595,-73.8637,40.62868
0.180739607,-73.8546,40.62868
0.193603711,-73.8455,40.62868
0.210196601,-73.8364,40.62868
0.227285165,-73.8273,40.62868
0.243535889,-73.8182,40.62868
0.258414337,-73.8091,40.62868
0.271540108,-73.8,40.62868
0.282534777,-73.7909,40.62868
0.291188188,-73.7818,40.62868
0.296995431,-73.7727,40.62868
0.299818971,-73.7636,40.62868
0.300588298,-73.7545,40.62868
0.300714967,-73.7454,40.62868
0.300970908,-73.7363,40.62868
0.300845605,-73.7272,40.62868
0.300241612,-73.7181,40.62868
0.299861129,-73.709,40.62868
0.301058301,-73.6999,40.62868
0.149731212,-74.1731,40.6352
0.153280473,-74.164,40.6352
0.158206865,-74.1549,40.6352
0.16623144,-74.1458,40.6352
0.177989749,-74.1367,40.6352
0.19284784,-74.1276,40.6352
0.210347626,-74.1185,40.6352
0.229589114,-74.1094,40.6352
0.252016825,-74.1003,40.6352
0.278594929,-74.0912,40.6352
0.310272477,-74.0821,40.6352
0.347173143,-74.073,40.6352
0.388558235,-74.0639,40.6352
0.433536687,-74.0548,40.6352
0.48126612,-74.0457,40.6352
0.529466762,-74.0366,40.6352
0.575322296,-74.0275,40.6352
0.617635856,-74.0184,40.6352
0.655957621,-74.0093,40.6352
0.669936387,-74.0002,40.6352
0.668937932,-73.9911,40.6352
0.652346613,-73.982,40.6352
0.632967857,-73.9729,40.6352
0.617248707,-73.9638,40.6352
0.594518622,-73.9547,40.6352
0.559358766,-73.9456,40.6352
0.511454511,-73.9365,40.6352
0.453681208,-73.9274,40.6352
0.39205828,-73.9183,40.6352
0.334802843,-73.9092,40.6352
0.282022097,-73.9001,40.6352
0.232746433,-73.891,40.6352
0.190299714,-73.8819,40.6352
0.161678536,-73.8728,40.6352
0.153383285,-73.8637,40.6352
0.163203634,-73.8546,40.6352
0.182522188,-73.8455,40.6352
0.204156076,-73.8364,40.6352
0.224483326,-73.8273,40.6352
0.242939346,-73.8182,40.6352
0.259469337,-73.8091,40.6352
0.273873577,-73.8,40.6352
0.28592996,-73.7909,40.6352
0.295442087,-73.7818,40.6352
0.301421661,-73.7727,40.6352
0.303285268,-73.7636,40.6352
0.302597562,-73.7545,40.6352
0.301672582,-73.7454,40.6352
0.301404594,-73.7363,40.6352
0.301160381,-73.7272,40.6352
0.300705415,-73.7181,40.6352
0.300731642,-73.709,40.6352
0.302414077,-73.6999,40.6352
0.169113788,-74.1731,40.64172
0.173485178,-74.164,40.64172
0.179753403,-74.1549,40.64172
0.189695894,-74.1458,40.64172
0.203243952,-74.1367,40.64172
0.219860457,-74.1276,40.64172
0.238869915,-74.1185,40.64172
0.259839492,-74.1094,40.64172
0.284157497,-74.1003,40.64172
0.312168499,-74.0912,40.64172
0.344478565,-74.0821,40.64172
0.381146313,-74.073,40.64172
0.421619018,-74.0639,40.64172
0.465646458,-74.0548,40.64172
0.512492969,-74.0457,40.64172
0.560562712,-74.0366,40.64172
0.608613365,-74.0275,40.64172
0.657178046,-74.0184,40.64172
0.70650279,-74.0093,40.64172
0.717160163,-74.0002,40.64172
0.706308887,-73.9911,40.64172
0.68765259,-73.982,40.64172
0.664868291,-73.9729,40.64172
0.640931389,-73.9638,40.64172
0.611096296,-73.9547,40.64172
0.570554941,-73.9456,40.64172
0.518786483,-73.9365,40.64172
0.458869246,-73.9274,40.64172
0.395838974,-73.9183,40.64172
0.334446239,-73.9092,40.64172
0.275836351,-73.9001,40.64172
0.219736785,-73.891,40.64172
0.169380372,-73.8819,40.64172
0.1346554,-73.8728,40.64172
0.128756516,-73.8637,40.64172
0.147010822,-73.8546,40.64172
0.174106157,-73.8455,40.64172
0.20103689,-73.8364,40.64172
0.223888195,-73.8273,40.64172
0.244056602,-73.8182,40.64172
0.261870783,-73.8091,40.64172
0.27717804,-73.8,40.64172
0.290007382,-73.7909,40.64172
0.300429805,-73.7818,40.64172
0.306713556,-73.7727,40.64172
0.306894264,-73.7636,40.64172
0.303947916,-73.7545,40.64172
0.301814709,-73.7454,40.64172
0.30117939,-73.7363,40.64172
0.301046739,-73.7272,40.64172
0.300947734,-73.7181,40.64172
0.301569608,-73.709,40.64172
0.303873215,-73.6999,40.64172
0.188437501,-74.1731,40.64824
0.193784158,-74.164,40.64824
0.20171823,-74.1549,40.64824
0.213457989,-74.1458,40.64824
0.228562352,-74.1367,40.64824
0.246541705,-74.1276,40.64824
0.266672086,-74.1185,40.64824
0.289230121,-74.1094,40.64824
0.31499376,-74.1003,40.64824
0.343998947,-74.0912,40.64824
0.376648342,-74.0821,40.64824
0.412938397,-74.073,40.64824
0.452462647,-74.0639,40.64824
0.495402428,-74.0548,40.64824
0.541016244,-74.0457,40.64824
0.58808272,-74.0366,40.64824
0.635655806,-74.0275,40.64824
0.683118085,-74.0184,40.64824
0.724468731,-74.0093,40.64824
0.736528585,-74.0002,40.64824
0.729028148,-73.9911,40.64824
0.712368708,-73.982,40.64824
0.690037692,-73.9729,40.64824
0.663337891,-73.9638,40.64824
0.629568713,-73.9547,40.64824
0.584727097,-73.9456,40.64824
0.528922878,-73.9365,40.64824
0.466186447,-73.9274,40.64824
0.40091394,-73.9183,40.64824
0.336202944,-73.9092,40.64824
0.273101848,-73.9001,40.64824
0.210719302,-73.891,40.64824
0.150950509,-73.8819,40.64824
0.106393726,-73.8728,40.64824
0.104874841,-73.8637,40.64824
0.134668473,-73.8546,40.64824
0.169494621,-73.8455,40.64824
0.201623153,-73.8364,40.64824
0.225519565,-73.8273,40.64824
0.246990271,-73.8182,40.64824
0.265699137,-73.8091,40.64824
0.281343139,-73.8,40.64824
0.294280123,-73.7909,40.64824
0.305484436,-73.7818,40.64824
0.312818539,-73.7727,40.64824
0.309916916,-73.7636,40.64824
0.303679435,-73.7545,40.64824
0.300619544,-73.7454,40.64824
0.300086832,-73.7363,40.64824
0.300444016,-73.7272,40.64824
0.300972309,-73.7181,40.64824
0.302410289,-73.709,40.64824
0.305480421,-73.6999,40.64824
0.207590854,-74.1731,40.65476
0.214204938,-74.164,40.65476
0.223937352,-74.1549,40.65476
0.237192185,-74.1458,40.65476
0.253430693,-74.1367,40.65476
0.272485509,-74.1276,40.65476
0.293604184,-74.1185,40.65476
0.317571119,-74.1094,40.65476
0.344377315,-74.1003,40.65476
0.374016591,-74.0912,40.65476
0.406740006,-74.0821,40.65476
0.442483232,-74.073,40.65476
0.480991047,-74.0639,40.65476
0.52263435,-74.0548,40.65476
0.566593703,-74.0457,40.65476
0.611688638,-74.0366,40.65476
0.656588664,-74.0275,40.65476
0.698988162,-74.0184,40.65476
0.732100794,-74.0093,40.65476
0.746180427,-74.0002,40.65476
0.743640613,-73.9911,40.65476
0.730719434,-73.982,40.65476
0.710406935,-73.9729,40.65476
0.683755734,-73.9638,40.65476
0.648953617,-73.9547,40.65476
0.600737791,-73.9456,40.65476
0.540424801,-73.9365,40.65476
0.47457173,-73.9274,40.65476
0.40717245,-73.9183,40.65476
0.340071082,-73.9092,40.65476
0.27401552,-73.9001,40.65476
0.20787353,-73.891,40.65476
0.138194669,-73.8819,40.65476
0.08858668,-73.8728,40.65476
0.093134598,-73.8637,40.65476
0.130023565,-73.8546,40.65476
0.168426555,-73.8455,40.65476
0.202917004,-73.8364,40.65476
0.229030251,-73.8273,40.65476
0.251847246,-73.8182,40.65476
0.27111353,-73.8091,40.65476
0.286348181,-73.8,40.65476
0.298051649,-73.7909,40.65476
0.308611407,-73.7818,40.65476
0.319374728,-73.7727,40.65476
0.309840911,-73.7636,40.65476
0.300258128,-73.7545,40.65476
0.297639337,-73.7454,40.65476
0.29806303,-73.7363,40.65476
0.299389603,-73.7272,40.65476
0.300841789,-73.7181,40.65476
0.303325916,-73.709,40.65476
0.30730503,-73.6999,40.65476
0.22667117,-74.1731,40.66128
0.234669401,-74.164,40.66128
0.246099664,-74.1549,40.66128
0.260415014,-74.1458,40.66128
0.277599989,-74.1367,40.66128
0.297510493,-74.1276,40.66128
0.319612555,-74.1185,40.66128
0.344689122,-74.1094,40.66128
0.372209847,-74.1003,40.66128
0.402185027,-74.0912,40.66128
0.434750298,-74.0821,40.66128
0.469782515,-74.073,40.66128
0.507191855,-74.0639,40.66128
0.547347388,-74.0548,40.66128
0.589311864,-74.0457,40.66128
0.631793262,-74.0366,40.66128
0.673057854,-74.0275,40.66128
0.710223165,-74.0184,40.66128
0.738263272,-74.0093,40.66128
0.75249439,-74.0002,40.66128
0.753682532,-73.9911,40.66128
0.74481486,-73.982,40.66128
0.727023156,-73.9729,40.66128
0.701353008,-73.9638,40.66128
0.668318668,-73.9547,40.66128
0.617005716,-73.9456,40.66128
0.551345327,-73.9365,40.66128
0.482984125,-73.9274,40.66128
0.414390686,-73.9183,40.66128
0.346142422,-73.9092,40.66128
0.277994658,-73.9001,40.66128
0.207424613,-73.891,40.66128
0.132260779,-73.8819,40.66128
0.092967665,-73.8728,40.66128
0.102890042,-73.8637,40.66128
0.135415328,-73.8546,40.66128
0.172115603,-73.8455,40.66128
0.206237948,-73.8364,40.66128
0.234783897,-73.8273,40.66128
0.258888508,-73.8182,40.66128
0.278441406,-73.8091,40.66128
0.292523674,-73.8,40.66128
0.301091699,-73.7909,40.66128
0.306295759,-73.7818,40.66128
0.3129851,-73.7727,40.66128
0.299162636,-73.7636,40.66128
0.292499216,-73.7545,40.66128
0.292951728,-73.7454,40.66128
0.295332044,-73.7363,40.66128
0.298053086,-73.7272,40.66128
0.300702339,-73.7181,40.66128
0.304425665,-73.709,40.66128
0.309440458,-73.6999,40.66128
0.245642655,-74.1731,40.6678
0.255091373,-74.164,40.6678
0.267878088,-74.1549,40.6678
0.282917556,-74.1458,40.6678
0.30083545,-74.1367,40.6678
0.321548724,-74.1276,40.6678
0.344578671,-74.1185,40.6678
0.37046916,-74.1094,40.6678
0.398432385,-74.1003,40.6678
0.428496813,-74.0912,40.6678
0.460708223,-74.0821,40.6678
0.494889415,-74.073,40.6678
0.531137195,-74.0639,40.6678
0.569681772,-74.0548,40.6678
0.609480587,-74.0457,40.6678
0.649125897,-74.0366,40.6678
0.686700741,-74.0275,40.6678
0.719444251,-74.0184,40.6678
0.743781403,-74.0093,40.6678
0.757245505,-74.0002,40.6678
0.760900486,-73.9911,40.6678
0.756152585,-73.982,40.6678
0.7406101,-73.9729,40.6678
0.714348913,-73.9638,40.6678
0.682529371,-73.9547,40.6678
0.628436196,-73.9456,40.6678
0.559422272,-73.9365,40.6678
0.490453321,-73.9274,40.6678
0.422343255,-73.9183,40.6678
0.354764315,-73.9092,40.6678
0.286544101,-73.9001,40.6678
0.215611148,-73.891,40.6678
0.142492653,-73.8819,40.6678
0.111509806,-73.8728,40.6678
0.123500941,-73.8637,40.6678
0.14963435,-73.8546,40.6678
0.182013971,-73.8455,40.6678
0.214561608,-73.8364,40.6678
0.243563227,-73.8273,40.6678
0.268411788,-73.8182,40.6678
0.288154547,-73.8091,40.6678
0.300736747,-73.8,40.6678
0.304802819,-73.7909,40.6678
0.300184529,-73.7818,40.6678
0.284827643,-73.7727,40.6678
0.277064179,-73.7636,40.6678
0.282371458,-73.7545,40.6678
0.287696226,-73.7454,40.6678
0.292441902,-73.7363,40.6678
0.296712163,-73.7272,40.6678
0.300750798,-73.7181,40.6678
0.305846672,-73.709,40.6678
0.312000159,-73.6999,40.6678
0.264409409,-74.1731,40.67432
0.275338044,-74.164,40.67432
0.288917214,-74.1549,40.67432
0.304565853,-74.1458,40.67432
0.323132497,-74.1367,40.67432
0.344616016,-74.1276,40.67432
0.368398615,-74.1185,40.67432
0.394837358,-74.1094,40.67432
0.423016748,-74.1003,40.67432
0.452967766,-74.0912,40.67432
0.484666546,-74.0821,40.67432
0.517890632,-74.073,40.67432
0.552950254,-74.0639,40.67432
0.589849755,-74.0548,40.67432
0.627490478,-74.0457,40.67432
0.664400839,-74.0366,40.67432
0.698656357,-74.0275,40.67432
0.727818058,-74.0184,40.67432
0.749132457,-74.0093,40.67432
0.760869308,-74.0002,40.67432
0.765589694,-73.9911,40.67432
0.765984244,-73.982,40.67432
0.75244608,-73.9729,40.67432
0.721585708,-73.9638,40.67432
0.682823304,-73.9547,40.67432
0.629244047,-73.9456,40.67432
0.563445674,-73.9365,40.67432
0.49637526,-73.9274,40.67432
0.430853919,-73.9183,40.67432
0.366242768,-73.9092,40.67432
0.301147047,-73.9001,40.67432
0.235751653,-73.891,40.67432
0.176965333,-73.8819,40.67432
0.148397655,-73.8728,40.67432
0.152083818,-73.8637,40.67432
0.17029172,-73.8546,40.67432
0.197372887,-73.8455,40.67432
0.227491239,-73.8364,40.67432
0.2553658,-73.8273,40.67432
0.280376071,-73.8182,40.67432
0.300677671,-73.8091,40.67432
0.312187133,-73.8,40.67432
0.311891221,-73.7909,40.67432
0.298950554,-73.7818,40.67432
0.269306156,-73.7727,40.67432
0.262737815,-73.7636,40.67432
0.275382727,-73.7545,40.67432
0.283624949,-73.7454,40.67432
0.290048387,-73.7363,40.67432
0.295672879,-73.7272,40.67432
0.301179399,-73.7181,40.67432
0.307738477,-73.709,40.67432
0.315111641,-73.6999,40.67432
0.28293953,-74.1731,40.68084
0.295059137,-74.164,40.68084
0.309108953,-74.1549,40.68084
0.325209798,-74.1458,40.68084
0.344486071,-74.1367,40.68084
0.366630676,-74.1276,40.68084
0.39098945,-74.1185,40.68084
0.41775126,-74.1094,40.68084
0.445958329,-74.1003,40.68084
0.475630717,-74.0912,40.68084
0.506692361,-74.0821,40.68084
0.538905934,-74.073,40.68084
0.572771348,-74.0639,40.68084
0.608074695,-74.0548,40.68084
0.643709065,-74.0457,40.68084
0.678189706,-74.0366,40.68084
0.70965657,-74.0275,40.68084
0.736019867,-74.0184,40.68084
0.755004451,-74.0093,40.68084
0.763985238,-74.0002,40.68084
0.766484295,-73.9911,40.68084
0.775506237,-73.982,40.68084
0.765682779,-73.9729,40.68084
0.723437657,-73.9638,40.68084
0.679843048,-73.9547,40.68084
0.626698065,-73.9456,40.68084
0.564348682,-73.9365,40.68084
0.500576451,-73.9274,40.68084
0.439783133,-73.9183,40.68084
0.380454987,-73.9092,40.68084
0.320765793,-73.9001,40.68084
0.262700404,-73.891,40.68084
0.2141371,-73.8819,40.68084
0.187708864,-73.8728,40.68084
0.185453707,-73.8637,40.68084
0.195802697,-73.8546,40.68084
0.217726757,-73.8455,40.68084
0.244305486,-73.8364,40.68084
0.269265007,-73.8273,40.68084
0.294017364,-73.8182,40.68084
0.316106538,-73.8091,40.68084
0.327898826,-73.8,40.68084
0.324223734,-73.7909,40.68084
0.306440371,-73.7818,40.68084
0.280426471,-73.7727,40.68084
0.269290353,-73.7636,40.68084
0.274705337,-73.7545,40.68084
0.281751959,-73.7454,40.68084
0.288528419,-73.7363,40.68084
0.295143698,-73.7272,40.68084
0.302144808,-73.7181,40.68084
0.310248479,-73.709,40.68084
0.31891171,-73.6999,40.68084
0.301165804,-74.1731,40.68736
0.313971395,-74.164,40.68736
0.3283781,-74.1549,40.68736
0.344840241,-74.1458,40.68736
0.364878769,-74.1367,40.68736
0.387522229,-74.1276,40.68736
0.412297127,-74.1185,40.68736
0.439192408,-74.1094,40.68736
0.467270101,-74.1003,40.68736
0.496529718,-74.0912,40.68736
0.526858467,-74.0821,40.68736
0.558048633,-74.073,40.68736
0.590729354,-74.0639,40.68736
0.624544339,-74.0548,40.68736
0.658422577,-74.0457,40.68736
0.690909432,-74.0366,40.68736
0.720188284,-74.0275,40.68736
0.744483209,-74.0184,40.68736
0.762329331,-74.0093,40.68736
0.76989844,-74.0002,40.68736
0.761081141,-73.9911,40.68736
0.779184513,-73.982,40.68736
0.77388334,-73.9729,40.68736
0.72389059,-73.9638,40.68736
0.67681593,-73.9547,40.68736
0.624104505,-73.9456,40.68736
0.563598843,-73.9365,40.68736
0.502869135,-73.9274,40.68736
0.449117133,-73.9183,40.68736
0.397107407,-73.9092,40.68736
0.343606925,-73.9001,40.68736
0.29188055,-73.891,40.68736
0.249274135,-73.8819,40.68736
0.224279243,-73.8728,40.68736
0.219792615,-73.8637,40.68736
0.229864419,-73.8546,40.68736
0.245625323,-73.8455,40.68736
0.263678711,-73.8364,40.68736
0.283404338,-73.8273,40.68736
0.307407484,-73.8182,40.68736
0.333938042,-73.8091,40.68736
0.348383326,-73.8,40.68736
0.341589649,-73.7909,40.68736
0.320093737,-73.7818,40.68736
0.295134823,-73.7727,40.68736
0.280129052,-73.7636,40.68736
0.277910335,-73.7545,40.68736
0.281577227,-73.7454,40.68736
0.287744502,-73.7363,40.68736
0.295130041,-73.7272,40.68736
0.303746468,-73.7181,40.68736
0.313518193,-73.709,40.68736
0.323546359,-73.6999,40.68736
0.318898186,-74.1731,40.69388
0.332016443,-74.164,40.69388
0.346651495,-74.1549,40.69388
0.363511894,-74.1458,40.69388
0.384244606,-74.1367,40.69388
0.407244655,-74.1276,40.69388
0.432290703,-74.1185,40.69388
0.459160683,-74.1094,40.69388
0.486977936,-74.1003,40.69388
0.51571554,-74.0912,40.69388
0.54523714,-74.0821,40.69388
0.575400621,-74.073,40.69388
0.606922322,-74.0639,40.69388
0.639378904,-74.0548,40.69388
0.671797522,-74.0457,40.69388
0.702831291,-74.0366,40.69388
0.730654024,-74.0275,40.69388
0.753561522,-74.0184,40.69388
0.771300758,-74.0093,40.69388
0.783102505,-74.0002,40.69388
0.778197399,-73.9911,40.69388
0.772899205,-73.982,40.69388
0.75762339,-73.9729,40.69388
0.718428035,-73.9638,40.69388
0.673053074,-73.9547,40.69388
0.622505523,-73.9456,40.69388
0.562677697,-73.9365,40.69388
0.502326784,-73.9274,40.69388
0.45953031,-73.9183,40.69388
0.416157521,-73.9092,40.69388
0.368255218,-73.9001,40.69388
0.320926749,-73.891,40.69388
0.281181099,-73.8819,40.69388
0.256238657,-73.8728,40.69388
0.250290398,-73.8637,40.69388
0.263565891,-73.8546,40.69388
0.274135423,-73.8455,40.69388
0.282835527,-73.8364,40.69388
0.295305478,-73.8273,40.69388
0.316721922,-73.8182,40.69388
0.352648202,-73.8091,40.69388
0.373586748,-73.8,40.69388
0.361745,-73.7909,40.69388
0.33505907,-73.7818,40.69388
0.307702184,-73.7727,40.69388
0.288904218,-73.7636,40.69388
0.281294582,-73.7545,40.69388
0.281682801,-73.7454,40.69388
0.287141975,-73.7363,40.69388
0.2954844,-73.7272,40.69388
0.306045797,-73.7181,40.69388
0.317696619,-73.709,40.69388
0.329176891,-73.6999,40.69388
0.335854689,-74.1731,40.7004
0.349151165,-74.164,40.7004
0.363874009,-74.1549,40.7004
0.381285108,-74.1458,40.7004
0.402543951,-74.1367,40.7004
0.425771463,-74.1276,40.7004
0.450954502,-74.1185,40.7004
0.477670074,-74.1094,40.7004
0.505117291,-74.1003,40.7004
0.533243006,-74.0912,40.7004
0.561897363,-74.0821,40.7004
0.59102907,-74.073,40.7004
0.621410175,-74.0639,40.7004
0.652614388,-74.0548,40.7004
0.68383824,-74.0457,40.7004
0.714011893,-74.0366,40.7004
0.741527717,-74.0275,40.7004
0.764273668,-74.0184,40.7004
0.782926794,-74.0093,40.7004
0.790315874,-74.0002,40.7004
0.774244185,-73.9911,40.7004
0.761089891,-73.982,40.7004
0.741013792,-73.9729,40.7004
0.707788856,-73.9638,40.7004
0.667450415,-73.9547,40.7004
0.622698486,-73.9456,40.7004
0.565721133,-73.9365,40.7004
0.496278395,-73.9274,40.7004
0.474132864,-73.9183,40.7004
0.437341173,-73.9092,40.7004
0.393684698,-73.9001,40.7004
0.348691611,-73.891,40.7004
0.309314213,-73.8819,40.7004
0.282478199,-73.8728,40.7004
0.273271849,-73.8637,40.7004
0.28111351,-73.8546,40.7004
0.291697855,-73.8455,40.7004
0.300004578,-73.8364,40.7004
0.303676214,-73.8273,40.7004
0.315336624,-73.8182,40.7004
0.366803915,-73.8091,40.7004
0.40048001,-73.8,40.7004
0.380146785,-73.7909,40.7004
0.346950621,-73.7818,40.7004
0.316083014,-73.7727,40.7004
0.293921959,-73.7636,40.7004
0.282521421,-73.7545,40.7004
0.280608984,-73.7454,40.7004
0.286025323,-73.7363,40.7004
0.29606952,-73.7272,40.7004
0.309124451,-73.7181,40.7004
0.322969693,-73.709,40.7004
0.335990456,-73.6999,40.7004
0.351958297,-74.1731,40.70692
0.365342311,-74.164,40.70692
0.380140672,-74.1549,40.70692
0.398147993,-74.1458,40.70692
0.419753092,-74.1367,40.70692
0.443091809,-74.1276,40.70692
0.468286435,-74.1185,40.70692
0.494745612,-74.1094,40.70692
0.521731155,-74.1003,40.70692
0.549170202,-74.0912,40.70692
0.57690571,-74.0821,40.70692
0.604989976,-74.073,40.70692
0.63422225,-74.0639,40.70692
0.664211036,-74.0548,40.70692
0.694359435,-74.0457,40.70692
0.724048844,-74.0366,40.70692
0.752862034,-74.0275,40.70692
0.780637063,-74.0184,40.70692
0.829644386,-74.0093,40.70692
0.796258736,-74.0002,40.70692
0.765161385,-73.9911,40.70692
0.746547832,-73.982,40.70692
0.725283247,-73.9729,40.70692
0.695192607,-73.9638,40.70692
0.659410071,-73.9547,40.70692
0.622554362,-73.9456,40.70692
0.579156593,-73.9365,40.70692
0.514021306,-73.9274,40.70692
0.489298206,-73.9183,40.70692
0.45832737,-73.9092,40.70692
0.41897069,-73.9001,40.70692
0.374473671,-73.891,40.70692
0.3337141,-73.8819,40.70692
0.302965004,-73.8728,40.70692
0.288894614,-73.8637,40.70692
0.291553439,-73.8546,40.70692
0.302979757,-73.8455,40.70692
0.317252483,-73.8364,40.70692
0.312425965,-73.8273,40.70692
0.295406172,-73.8182,40.70692
0.35891991,-73.8091,40.70692
0.407913765,-73.8,40.70692
0.38983414,-73.7909,40.70692
0.351902296,-73.7818,40.70692
0.318896483,-73.7727,40.70692
0.294397384,-73.7636,40.70692
0.280307661,-73.7545,40.70692
0.277227021,-73.7454,40.70692
0.283816669,-73.7363,40.70692
0.296819755,-73.7272,40.70692
0.313164808,-73.7181,40.70692
0.329596977,-73.709,40.70692
0.344209055,-73.6999,40.70692
0.367186111,-74.1731,40.71344
0.380560859,-74.164,40.71344
0.395505694,-74.1549,40.71344
0.414067264,-74.1458,40.71344
0.435861328,-74.1367,40.71344
0.459207429,-74.1276,40.71344
0.484304068,-74.1185,40.71344
0.510421148,-74.1094,40.71344
0.536868928,-74.1003,40.71344
0.563559107,-74.0912,40.71344
0.590330015,-74.0821,40.71344
0.617337869,-74.073,40.71344
0.645379515,-74.0639,40.71344
0.674100196,-74.0548,40.71344
0.703063652,-74.0457,40.71344
0.73198854,-74.0366,40.71344
0.761431325,-74.0275,40.71344
0.79597762,-74.0184,40.71344
0.85024794,-74.0093,40.71344
0.798167496,-74.0002,40.71344
0.750415948,-73.9911,40.71344
0.731573089,-73.982,40.71344
0.710771469,-73.9729,40.71344
0.682080478,-73.9638,40.71344
0.64816726,-73.9547,40.71344
0.613807946,-73.9456,40.71344
0.57555794,-73.9365,40.71344
0.52569918,-73.9274,40.71344
0.497233697,-73.9183,40.71344
0.477022807,-73.9092,40.71344
0.442959651,-73.9001,40.71344
0.397353845,-73.891,40.71344
0.355354064,-73.8819,40.71344
0.318937417,-73.8728,40.71344
0.299303006,-73.8637,40.71344
0.298727368,-73.8546,40.71344
0.308665787,-73.8455,40.71344
0.334132588,-73.8364,40.71344
0.325718533,-73.8273,40.71344
0.300185923,-73.8182,40.71344
0.341375368,-73.8091,40.71344
0.388648057,-73.8,40.71344
0.38128996,-73.7909,40.71344
0.347807404,-73.7818,40.71344
0.315864207,-73.7727,40.71344
0.290285541,-73.7636,40.71344
0.274064579,-73.7545,40.71344
0.270762449,-73.7454,40.71344
0.280265151,-73.7363,40.71344
0.297915957,-73.7272,40.71344
0.318529616,-73.7181,40.71344
0.337940331,-73.709,40.71344
0.354087365,-73.6999,40.71344
0.38152349,-74.1731,40.71996
0.394785382,-74.164,40.71996
0.410023933,-74.1549,40.71996
0.429021404,-74.1458,40.71996
0.450868558,-74.1367,40.71996
0.474130136,-74.1276,40.71996
0.499033783,-74.1185,40.71996
0.524737655,-74.1094,40.71996
0.550585772,-74.1003,40.71996
0.576476747,-74.0912,40.71996
0.602243983,-74.0821,40.71996
0.628137757,-74.073,40.71996
0.654923614,-74.0639,40.71996
0.682258495,-74.0548,40.71996
0.709759768,-74.0457,40.71996
0.737128488,-74.0366,40.71996
0.764205256,-74.0275,40.71996
0.790059712,-74.0184,40.71996
0.811732951,-74.0093,40.71996
0.775056961,-74.0002,40.71996
0.722487928,-73.9911,40.71996
0.717523307,-73.982,40.71996
0.698644874,-73.9729,40.71996
0.669639325,-73.9638,40.71996
0.634263561,-73.9547,40.71996
0.597445693,-73.9456,40.71996
0.559784657,-73.9365,40.71996
0.522386421,-73.9274,40.71996
0.497884831,-73.9183,40.71996
0.488015748,-73.9092,40.71996
0.45954477,-73.9001,40.71996
0.415675799,-73.891,40.71996
0.376832201,-73.8819,40.71996
0.334641913,-73.8728,40.71996
0.308723016,-73.8637,40.71996
0.305938225,-73.8546,40.71996
0.306253257,-73.8455,40.71996
0.329154675,-73.8364,40.71996
0.325809228,-73.8273,40.71996
0.301590141,-73.8182,40.71996
0.329216547,-73.8091,40.71996
0.361309521,-73.8,40.71996
0.360513121,-73.7909,40.71996
0.336718955,-73.7818,40.71996
0.308318768,-73.7727,40.71996
0.282516057,-73.7636,40.71996
0.263847521,-73.7545,40.71996
0.260726276,-73.7454,40.71996
0.275615054,-73.7363,40.71996
0.29996337,-73.7272,40.71996
0.325805594,-73.7181,40.71996
0.348463528,-73.709,40.71996
0.36588677,-73.6999,40.71996
0.394960922,-74.1731,40.72648
0.408110285,-74.164,40.72648
0.423677189,-74.1549,40.72648
0.442985101,-74.1458,40.72648
0.464783228,-74.1367,40.72648
0.487880343,-74.1276,40.72648
0.512508596,-74.1185,40.72648
0.53774176,-74.1094,40.72648
0.562941919,-74.1003,40.72648
0.587995889,-74.0912,40.72648
0.612730508,-74.0821,40.72648
0.637474019,-74.073,40.72648
0.662938545,-74.0639,40.72648
0.688763183,-74.0548,40.72648
0.714532838,-74.0457,40.72648
0.739760819,-74.0366,40.72648
0.763442197,-74.0275,40.72648
0.781725977,-74.0184,40.72648
0.781359762,-74.0093,40.72648
0.749906797,-74.0002,40.72648
0.699859436,-73.9911,40.72648
0.702274474,-73.982,40.72648
0.69187007,-73.9729,40.72648
0.660903024,-73.9638,40.72648
0.620948556,-73.9547,40.72648
0.579928731,-73.9456,40.72648
0.542929213,-73.9365,40.72648
0.510549717,-73.9274,40.72648
0.487830866,-73.9183,40.72648
0.476247671,-73.9092,40.72648
0.456686687,-73.9001,40.72648
0.429304412,-73.891,40.72648
0.401917588,-73.8819,40.72648
0.363578537,-73.8728,40.72648
0.339897005,-73.8637,40.72648
0.318738536,-73.8546,40.72648
0.303776814,-73.8455,40.72648
0.322108214,-73.8364,40.72648
0.325702037,-73.8273,40.72648
0.317295687,-73.8182,40.72648
0.3280597,-73.8091,40.72648
0.343422332,-73.8,40.72648
0.341281588,-73.7909,40.72648
0.323185682,-73.7818,40.72648
0.298783062,-73.7727,40.72648
0.273475572,-73.7636,40.72648
0.25084559,-73.7545,40.72648
0.246937391,-73.7454,40.72648
0.271334282,-73.7363,40.72648
0.304101259,-73.7272,40.72648
0.33573905,-73.7181,40.72648
0.361679764,-73.709,40.72648
0.379810467,-73.6999,40.72648
0.407498772,-74.1731,40.733
0.420604819,-74.164,40.733
0.436454182,-74.1549,40.733
0.455944635,-74.1458,40.733
0.477618634,-74.1367,40.733
0.500484642,-74.1276,40.733
0.524766445,-74.1185,40.733
0.549484255,-74.1094,40.733
0.574001557,-74.1003,40.733
0.598194476,-74.0912,40.733
0.621882018,-74.0821,40.733
0.645452225,-74.073,40.733
0.669554258,-74.0639,40.733
0.693792493,-74.0548,40.733
0.717692109,-74.0457,40.733
0.740660461,-74.0366,40.733
0.761751502,-74.0275,40.733
0.778712615,-74.0184,40.733
0.785726958,-74.0093,40.733
0.779060009,-74.0002,40.733
0.748638541,-73.9911,40.733
0.720166856,-73.982,40.733
0.695119191,-73.9729,40.733
0.660805393,-73.9638,40.733
0.612743898,-73.9547,40.733
0.564650016,-73.9456,40.733
0.527511579,-73.9365,40.733
0.495524735,-73.9274,40.733
0.470168429,-73.9183,40.733
0.456220137,-73.9092,40.733
0.448139095,-73.9001,40.733
0.442445277,-73.891,40.733
0.432210634,-73.8819,40.733
0.401564731,-73.8728,40.733
0.374890446,-73.8637,40.733
0.333633925,-73.8546,40.733
0.309463952,-73.8455,40.733
0.327293074,-73.8364,40.733
0.333433184,-73.8273,40.733
0.330169822,-73.8182,40.733
0.330871226,-73.8091,40.733
0.332825968,-73.8,40.733
0.32623053,-73.7909,40.733
0.310255352,-73.7818,40.733
0.289666333,-73.7727,40.733
0.266879188,-73.7636,40.733
0.240598699,-73.7545,40.733
0.23155273,-73.7454,40.733
0.271214209,-73.7363,40.733
0.31170011,-73.7272,40.733
0.34894773,-73.7181,40.733
0.378039024,-73.709,40.733
0.395875479,-73.6999,40.733
0.419118541,-74.1731,40.73952
0.432309735,-74.164,40.73952
0.448350703,-74.1549,40.73952
0.467911765,-74.1458,40.73952
0.489386162,-74.1367,40.73952
0.511972518,-74.1276,40.73952
0.535848584,-74.1185,40.73952
0.560018484,-74.1094,40.73952
0.583831126,-74.1003,40.73952
0.607153571,-74.0912,40.73952
0.629797371,-74.0821,40.73952
0.652193263,-74.073,40.73952
0.674932842,-74.0639,40.73952
0.697585112,-74.0548,40.73952
0.71962032,-74.0457,40.73952
0.740412785,-74.0366,40.73952
0.759450459,-74.0275,40.73952
0.778096171,-74.0184,40.73952
0.806927427,-74.0093,40.73952
0.81488662,-74.0002,40.73952
0.777998645,-73.9911,40.73952
0.737587233,-73.982,40.73952
0.709372071,-73.9729,40.73952
0.676710328,-73.9638,40.73952
0.616261358,-73.9547,40.73952
0.55598289,-73.9456,40.73952
0.518935201,-73.9365,40.73952
0.482888552,-73.9274,40.73952
0.449293317,-73.9183,40.73952
0.433263826,-73.9092,40.73952
0.437062067,-73.9001,40.73952
0.4525908,-73.891,40.73952
0.467159464,-73.8819,40.73952
0.432991541,-73.8728,40.73952
0.392272697,-73.8637,40.73952
0.349215826,-73.8546,40.73952
0.334695314,-73.8455,40.73952
0.34380364,-73.8364,40.73952
0.347630861,-73.8273,40.73952
0.341896773,-73.8182,40.73952
0.334057093,-73.8091,40.73952
0.325978099,-73.8,40.73952
0.314328871,-73.7909,40.73952
0.298568557,-73.7818,40.73952
0.28171571,-73.7727,40.73952
0.265555985,-73.7636,40.73952
0.247169323,-73.7545,40.73952
0.242882501,-73.7454,40.73952
0.279519769,-73.7363,40.73952
0.323060242,-73.7272,40.73952
0.365322809,-73.7181,40.73952
0.397792142,-73.709,40.73952
0.413641317,-73.6999,40.73952
0.42987893,-74.1731,40.74604
0.443222205,-74.164,40.74604
0.459368536,-74.1549,40.74604
0.478902931,-74.1458,40.74604
0.500119381,-74.1367,40.74604
0.522376974,-74.1276,40.74604
0.545798062,-74.1185,40.74604
0.569398632,-74.1094,40.74604
0.592497138,-74.1003,40.74604
0.61495409,-74.0912,40.74604
0.636576127,-74.0821,40.74604
0.657822168,-74.073,40.74604
0.679245476,-74.0639,40.74604
0.700393245,-74.0548,40.74604
0.720697019,-74.0457,40.74604
0.739464227,-74.0366,40.74604
0.756026743,-74.0275,40.74604
0.770796538,-74.0184,40.74604
0.792458738,-74.0093,40.74604
0.817017515,-74.0002,40.74604
0.823619532,-73.9911,40.74604
0.766842727,-73.982,40.74604
0.744981293,-73.9729,40.74604
0.719797344,-73.9638,40.74604
0.651041024,-73.9547,40.74604
0.573938517,-73.9456,40.74604
0.528222369,-73.9365,40.74604
0.47873748,-73.9274,40.74604
0.428389584,-73.9183,40.74604
0.407525145,-73.9092,40.74604
0.422394539,-73.9001,40.74604
0.454633209,-73.891,40.74604
0.481479979,-73.8819,40.74604
0.452376264,-73.8728,40.74604
0.409183389,-73.8637,40.74604
0.371893425,-73.8546,40.74604
0.361310963,-73.8455,40.74604
0.36664371,-73.8364,40.74604
0.366019077,-73.8273,40.74604
0.353243482,-73.8182,40.74604
0.336394916,-73.8091,40.74604
0.320196243,-73.8,40.74604
0.303813195,-73.7909,40.74604
0.28710929,-73.7818,40.74604
0.273393118,-73.7727,40.74604
0.266676028,-73.7636,40.74604
0.264950227,-73.7545,40.74604
0.264438007,-73.7454,40.74604
0.292805906,-73.7363,40.74604
0.335878307,-73.7272,40.74604
0.383015834,-73.7181,40.74604
0.420915778,-73.709,40.74604
0.431439924,-73.6999,40.74604
0.439845913,-74.1731,40.75256
0.453344319,-74.164,40.75256
0.469514511,-74.1549,40.75256
0.488938158,-74.1458,40.75256
0.509846981,-74.1367,40.75256
0.531733341,-74.1276,40.75256
0.554658316,-74.1185,40.75256
0.577678025,-74.1094,40.75256
0.600063842,-74.1003,40.75256
0.621673056,-74.0912,40.75256
0.642311835,-74.0821,40.75256
0.662455289,-74.073,40.75256
0.682647854,-74.0639,40.75256
0.702440854,-74.0548,40.75256
0.72126772,-74.0457,40.75256
0.738398942,-74.0366,40.75256
0.752809698,-74.0275,40.75256
0.762334799,-74.0184,40.75256
0.759064193,-74.0093,40.75256
0.79134877,-74.0002,40.75256
0.838025054,-73.9911,40.75256
0.849792642,-73.982,40.75256
0.843911896,-73.9729,40.75256
0.794231415,-73.9638,40.75256
0.727360011,-73.9547,40.75256
0.642327555,-73.9456,40.75256
0.572635671,-73.9365,40.75256
0.485535096,-73.9274,40.75256
0.415276951,-73.9183,40.75256
0.386169463,-73.9092,40.75256
0.40667349,-73.9001,40.75256
0.448711615,-73.891,40.75256
0.485586885,-73.8819,40.75256
0.463779667,-73.8728,40.75256
0.423546536,-73.8637,40.75256
0.393415458,-73.8546,40.75256
0.383718452,-73.8455,40.75256
0.390145412,-73.8364,40.75256
0.385028384,-73.8273,40.75256
0.362351582,-73.8182,40.75256
0.33607274,-73.8091,40.75256
0.313415025,-73.8,40.75256
0.29310318,-73.7909,40.75256
0.274084632,-73.7818,40.75256
0.261636789,-73.7727,40.75256
0.261489041,-73.7636,40.75256
0.269558476,-73.7545,40.75256
0.27647942,-73.7454,40.75256
0.303662735,-73.7363,40.75256
0.345885711,-73.7272,40.75256
0.396359214,-73.7181,40.75256
0.44716124,-73.709,40.75256
0.444162073,-73.6999,40.75256
0.44906628,-74.1731,40.75908
0.462682343,-74.164,40.75908
0.478799677,-74.1549,40.75908
0.498040127,-74.1458,40.75908
0.518599647,-74.1367,40.75908
0.540078202,-74.1276,40.75908
0.562471969,-74.1185,40.75908
0.584907638,-74.1094,40.75908
0.60659112,-74.1003,40.75908
0.627380242,-74.0912,40.75908
0.647086112,-74.0821,40.75908
0.666189342,-74.073,40.75908
0.685259584,-74.0639,40.75908
0.703884802,-74.0548,40.75908
0.721565377,-74.0457,40.75908
0.737698802,-74.0366,40.75908
0.751553975,-74.0275,40.75908
0.762500113,-74.0184,40.75908
0.77581923,-74.0093,40.75908
0.800955011,-74.0002,40.75908
0.863621394,-73.9911,40.75908
0.929169886,-73.982,40.75908
0.947629242,-73.9729,40.75908
0.895944138,-73.9638,40.75908
0.820109117,-73.9547,40.75908
0.711063844,-73.9456,40.75908
0.616917593,-73.9365,40.75908
0.500727481,-73.9274,40.75908
0.427787262,-73.9183,40.75908
0.394904016,-73.9092,40.75908
0.39537218,-73.9001,40.75908
0.441405302,-73.891,40.75908
0.488567418,-73.8819,40.75908
0.475772606,-73.8728,40.75908
0.432559516,-73.8637,40.75908
0.407530348,-73.8546,40.75908
0.396299312,-73.8455,40.75908
0.401785934,-73.8364,40.75908
0.392778514,-73.8273,40.75908
0.363644167,-73.8182,40.75908
0.3306611,-73.8091,40.75908
0.303886154,-73.8,40.75908
0.28129459,-73.7909,40.75908
0.257445972,-73.7818,40.75908
0.244132831,-73.7727,40.75908
0.247734212,-73.7636,40.75908
0.260677057,-73.7545,40.75908
0.278848578,-73.7454,40.75908
0.30873785,-73.7363,40.75908
0.349840789,-73.7272,40.75908
0.397463352,-73.7181,40.75908
0.438797886,-73.709,40.75908
0.444469562,-73.6999,40.75908
0.457533889,-74.1731,40.7656
0.471246057,-74.164,40.7656
0.487238597,-74.1549,40.7656
0.506233419,-74.1458,40.7656
0.526409283,-74.1367,40.7656
0.547448537,-74.1276,40.7656
0.569279883,-74.1185,40.7656
0.591134971,-74.1094,40.7656
0.612132984,-74.1003,40.7656
0.632135921,-74.0912,40.7656
0.650965016,-74.0821,40.7656
0.669095235,-74.073,40.7656
0.687153021,-74.0639,40.7656
0.704790479,-74.0548,40.7656
0.721628686,-74.0457,40.7656
0.737325003,-74.0366,40.7656
0.751818938,-74.0275,40.7656
0.766415201,-74.0184,40.7656
0.787217849,-74.0093,40.7656
0.823017928,-74.0002,40.7656
0.858641709,-73.9911,40.7656
0.947828405,-73.982,40.7656
0.989938814,-73.9729,40.7656
0.985467481,-73.9638,40.7656
0.9023725,-73.9547,40.7656
0.751323576,-73.9456,40.7656
0.629635858,-73.9365,40.7656
0.523527676,-73.9274,40.7656
0.453895159,-73.9183,40.7656
0.419536447,-73.9092,40.7656
0.409808116,-73.9001,40.7656
0.460037434,-73.891,40.7656
0.509174997,-73.8819,40.7656
0.494371342,-73.8728,40.7656
0.449186995,-73.8637,40.7656
0.417649656,-73.8546,40.7656
0.398103329,-73.8455,40.7656
0.385839235,-73.8364,40.7656
0.375574603,-73.8273,40.7656
0.350924611,-73.8182,40.7656
0.319161862,-73.8091,40.7656
0.290101175,-73.8,40.7656
0.267151396,-73.7909,40.7656
0.233977997,-73.7818,40.7656
0.220074512,-73.7727,40.7656
0.229797495,-73.7636,40.7656
0.249916729,-73.7545,40.7656
0.275760324,-73.7454,40.7656
0.308557633,-73.7363,40.7656
0.347932712,-73.7272,40.7656
0.389466758,-73.7181,40.7656
0.422353013,-73.709,40.7656
0.435783784,-73.6999,40.7656
0.46523652,-74.1731,40.77212
0.479048202,-74.164,40.77212
0.494848757,-74.1549,40.77212
0.513543881,-74.1458,40.77212
0.53330695,-74.1367,40.77212
0.553863021,-74.1276,40.77212
0.575120527,-74.1185,40.77212
0.596403392,-74.1094,40.77212
0.616736879,-74.1003,40.77212
0.635990129,-74.0912,40.77212
0.653998394,-74.0821,40.77212
0.671218071,-74.073,40.77212
0.688355431,-74.0639,40.77212
0.705139237,-74.0548,40.77212
0.721321223,-74.0457,40.77212
0.736803195,-74.0366,40.77212
0.751961609,-74.0275,40.77212
0.768428693,-74.0184,40.77212
0.789746064,-74.0093,40.77212
0.817125553,-74.0002,40.77212
0.845501331,-73.9911,40.77212
0.896532423,-73.982,40.77212
0.966531641,-73.9729,40.77212
1,-73.9638,40.77212
0.918847714,-73.9547,40.77212
0.753637492,-73.9456,40.77212
0.633847857,-73.9365,40.77212
0.540862104,-73.9274,40.77212
0.479911602,-73.9183,40.77212
0.449686081,-73.9092,40.77212
0.449165655,-73.9001,40.77212
0.493845588,-73.891,40.77212
0.529023064,-73.8819,40.77212
0.512951192,-73.8728,40.77212
0.462229488,-73.8637,40.77212
0.423470624,-73.8546,40.77212
0.394745322,-73.8455,40.77212
0.368864281,-73.8364,40.77212
0.355316565,-73.8273,40.77212
0.333564655,-73.8182,40.77212
0.304015004,-73.8091,40.77212
0.27255007,-73.8,40.77212
0.239403199,-73.7909,40.77212
0.200413194,-73.7818,40.77212
0.190628435,-73.7727,40.77212
0.211580891,-73.7636,40.77212
0.239585275,-73.7545,40.77212
0.270736225,-73.7454,40.77212
0.305297929,-73.7363,40.77212
0.342667922,-73.7272,40.77212
0.379234411,-73.7181,40.77212
0.408268408,-73.709,40.77212
0.424974697,-73.6999,40.77212
0.472169947,-74.1731,40.77864
0.486098912,-74.164,40.77864
0.501650088,-74.1549,40.77864
0.519998143,-74.1458,40.77864
0.539320702,-74.1367,40.77864
0.559328076,-74.1276,40.77864
0.580031887,-74.1185,40.77864
0.600751976,-74.1094,40.77864
0.620443804,-74.1003,40.77864
0.638983388,-74.0912,40.77864
0.656222,-74.0821,40.77864
0.672582598,-74.073,40.77864
0.688862785,-74.0639,40.77864
0.704864666,-74.0548,40.77864
0.720439672,-74.0457,40.77864
0.735624033,-74.0366,40.77864
0.75087161,-74.0275,40.77864
0.767341085,-74.0184,40.77864
0.786526509,-74.0093,40.77864
0.808079422,-74.0002,40.77864
0.83123932,-73.9911,40.77864
0.866430466,-73.982,40.77864
0.921751751,-73.9729,40.77864
0.948562252,-73.9638,40.77864
0.89122733,-73.9547,40.77864
0.742300006,-73.9456,40.77864
0.627216772,-73.9365,40.77864
0.54845447,-73.9274,40.77864
0.500513165,-73.9183,40.77864
0.477489246,-73.9092,40.77864
0.478288205,-73.9001,40.77864
0.50266463,-73.891,40.77864
0.52151054,-73.8819,40.77864
0.505859843,-73.8728,40.77864
0.463083053,-73.8637,40.77864
0.423249211,-73.8546,40.77864
0.39022817,-73.8455,40.77864
0.362494667,-73.8364,40.77864
0.341109785,-73.8273,40.77864
0.317885746,-73.8182,40.77864
0.289217736,-73.8091,40.77864
0.256230013,-73.8,40.77864
0.216745005,-73.7909,40.77864
0.167091348,-73.7818,40.77864
0.164677635,-73.7727,40.77864
0.198818771,-73.7636,40.77864
0.232396056,-73.7545,40.77864
0.266332898,-73.7454,40.77864
0.301247975,-73.7363,40.77864
0.336536902,-73.7272,40.77864
0.369598785,-73.7181,40.77864
0.396473066,-73.709,40.77864
0.414725607,-73.6999,40.77864
0.478331023,-74.1731,40.78516
0.492393909,-74.164,40.78516
0.507664577,-74.1549,40.78516
0.52562326,-74.1458,40.78516
0.54448157,-74.1367,40.78516
0.563924457,-74.1276,40.78516
0.584058537,-74.1185,40.78516
0.604215757,-74.1094,40.78516
0.623289077,-74.1003,40.78516
0.641148479,-74.0912,40.78516
0.657661353,-74.0821,40.78516
0.673201557,-74.073,40.78516
0.688658183,-74.0639,40.78516
0.703895016,-74.0548,40.78516
0.718816618,-74.0457,40.78516
0.733484012,-74.0366,40.78516
0.748224529,-74.0275,40.78516
0.763642236,-74.0184,40.78516
0.780197137,-74.0093,40.78516
0.797539072,-74.0002,40.78516
0.816138045,-73.9911,40.78516
0.841215112,-73.982,40.78516
0.874803578,-73.9729,40.78516
0.880474017,-73.9638,40.78516
0.825857765,-73.9547,40.78516
0.702173339,-73.9456,40.78516
0.611225204,-73.9365,40.78516
0.547995955,-73.9274,40.78516
0.51626283,-73.9183,40.78516
0.500297022,-73.9092,40.78516
0.496809666,-73.9001,40.78516
0.504048326,-73.891,40.78516
0.50702727,-73.8819,40.78516
0.489747804,-73.8728,40.78516
0.455170871,-73.8637,40.78516
0.417888503,-73.8546,40.78516
0.384153117,-73.8455,40.78516
0.355095647,-73.8364,40.78516
0.330218676,-73.8273,40.78516
0.305520372,-73.8182,40.78516
0.277771084,-73.8091,40.78516
0.245804329,-73.8,40.78516
0.208088331,-73.7909,40.78516
0.1682037,-73.7818,40.78516
0.166180774,-73.7727,40.78516
0.19684185,-73.7636,40.78516
0.230430527,-73.7545,40.78516
0.26428371,-73.7454,40.78516
0.298136247,-73.7363,40.78516
0.33119402,-73.7272,40.78516
0.36158813,-73.7181,40.78516
0.386937406,-73.709,40.78516
0.405887922,-73.6999,40.78516
0.483717315,-74.1731,40.79168
0.497943095,-74.164,40.79168
0.512915972,-74.1549,40.79168
0.530446454,-74.1458,40.79168
0.548820388,-74.1367,40.79168
0.567690744,-74.1276,40.79168
0.587238123,-74.1185,40.79168
0.606826264,-74.1094,40.79168
0.625303487,-74.1003,40.79168
0.642512701,-74.0912,40.79168
0.658336051,-74.0821,40.79168
0.673083876,-74.073,40.79168
0.687727388,-74.0639,40.79168
0.70218165,-74.0548,40.79168
0.716364399,-74.0457,40.79168
0.730295754,-74.0366,40.79168
0.744121818,-74.0275,40.79168
0.758030409,-74.0184,40.79168
0.77197302,-74.0093,40.79168
0.785489004,-74.0002,40.79168
0.798358675,-73.9911,40.79168
0.811108802,-73.982,40.79168
0.820915012,-73.9729,40.79168
0.813297317,-73.9638,40.79168
0.768938649,-73.9547,40.79168
0.683144103,-73.9456,40.79168
0.593965914,-73.9365,40.79168
0.544836557,-73.9274,40.79168
0.532005206,-73.9183,40.79168
0.520556773,-73.9092,40.79168
0.509454555,-73.9001,40.79168
0.503196864,-73.891,40.79168
0.494747719,-73.8819,40.79168
0.474749523,-73.8728,40.79168
0.44391383,-73.8637,40.79168
0.409514564,-73.8546,40.79168
0.376604159,-73.8455,40.79168
0.347210147,-73.8364,40.79168
0.321234991,-73.8273,40.79168
0.296609278,-73.8182,40.79168
0.270934896,-73.8091,40.79168
0.242431112,-73.8,40.79168
0.211612233,-73.7909,40.79168
0.185894967,-73.7818,40.79168
0.183528347,-73.7727,40.79168
0.204671964,-73.7636,40.79168
0.233995528,-73.7545,40.79168
0.265377031,-73.7454,40.79168
0.296968397,-73.7363,40.79168
0.327547399,-73.7272,40.79168
0.355616513,-73.7181,40.79168
0.379626767,-73.709,40.79168
0.398748132,-73.6999,40.79168
0.488326866,-74.1731,40.7982
0.502755951,-74.164,40.7982
0.517429556,-74.1549,40.7982
0.534494953,-74.1458,40.7982
0.552367494,-74.1367,40.7982
0.570661168,-74.1276,40.7982
0.58958196,-74.1185,40.7982
0.608612193,-74.1094,40.7982
0.626514533,-74.1003,40.7982
0.643100041,-74.0912,40.7982
0.658263439,-74.0821,40.7982
0.672240605,-74.073,40.7982
0.686067578,-74.0639,40.7982
0.699708431,-74.0548,40.7982
0.713069855,-74.0457,40.7982
0.726107975,-74.0366,40.7982
0.738807172,-74.0275,40.7982
0.75107976,-74.0184,40.7982
0.762580269,-74.0093,40.7982
0.772573177,-74.0002,40.7982
0.779897767,-73.9911,40.7982
0.782152071,-73.982,40.7982
0.772161096,-73.9729,40.7982
0.759118201,-73.9638,40.7982
0.733689801,-73.9547,40.7982
0.678848626,-73.9456,40.7982
0.603734815,-73.9365,40.7982
0.560791902,-73.9274,40.7982
0.553299239,-73.9183,40.7982
0.541709884,-73.9092,40.7982
0.518153342,-73.9001,40.7982
0.501824322,-73.891,40.7982
0.485596395,-73.8819,40.7982
0.462353889,-73.8728,40.7982
0.432629376,-73.8637,40.7982
0.40033773,-73.8546,40.7982
0.368715358,-73.8455,40.7982
0.339686659,-73.8364,40.7982
0.314039378,-73.8273,40.7982
0.29099026,-73.8182,40.7982
0.268531428,-73.8091,40.7982
0.244937187,-73.8,40.7982
0.221573563,-73.7909,40.7982
0.204448202,-73.7818,40.7982
0.202846539,-73.7727,40.7982
0.217868309,-73.7636,40.7982
0.241946836,-73.7545,40.7982
0.269581766,-73.7454,40.7982
0.298122391,-73.7363,40.7982
0.325982009,-73.7272,40.7982
0.351810708,-73.7181,40.7982
0.374471356,-73.709,40.7982
0.39335512,-73.6999,40.7982
0.492158023,-74.1731,40.80472
0.506817861,-74.164,40.80472
0.521231978,-74.1549,40.80472
0.537795885,-74.1458,40.80472
0.555152726,-74.1367,40.80472
0.572863105,-74.1276,40.80472
0.591062061,-74.1185,40.80472
0.609600084,-74.1094,40.80472
0.626947543,-74.1003,40.80472
0.642932898,-74.0912,40.80472
0.657461076,-74.0821,40.80472
0.67068794,-74.073,40.80472
0.683689513,-74.0639,40.80472
0.696487728,-74.0548,40.80472
0.708969005,-74.0457,40.80472
0.721029259,-74.0366,40.80472
0.732535497,-74.0275,40.80472
0.74323429,-74.0184,40.80472
0.752611492,-74.0093,40.80472
0.759736323,-74.0002,40.80472
0.76298918,-73.9911,40.80472
0.759235682,-73.982,40.80472
0.74299274,-73.9729,40.80472
0.72720547,-73.9638,40.80472
0.716768001,-73.9547,40.80472
0.680839571,-73.9456,40.80472
0.647872592,-73.9365,40.80472
0.604615736,-73.9274,40.80472
0.578446748,-73.9183,40.80472
0.553786877,-73.9092,40.80472
0.521580167,-73.9001,40.80472
0.50152271,-73.891,40.80472
0.480231952,-73.8819,40.80472
0.453206762,-73.8728,40.80472
0.423131652,-73.8637,40.80472
0.392351971,-73.8546,40.80472
0.362008017,-73.8455,40.80472
0.33344171,-73.8364,40.80472
0.308821541,-73.8273,40.80472
0.288497897,-73.8182,40.80472
0.270075305,-73.8091,40.80472
0.251809015,-73.8,40.80472
0.234675987,-73.7909,40.80472
0.22285492,-73.7818,40.80472
0.222189407,-73.7727,40.80472
0.233453321,-73.7636,40.80472
0.252847364,-73.7545,40.80472
0.276416668,-73.7454,40.80472
0.301550522,-73.7363,40.80472
0.326544019,-73.7272,40.80472
0.350124458,-73.7181,40.80472
0.371355117,-73.709,40.80472
0.389644054,-73.6999,40.80472
0.495209289,-74.1731,40.81124
0.510100585,-74.164,40.81124
0.524351123,-74.1549,40.81124
0.540376227,-74.1458,40.81124
0.557205465,-74.1367,40.81124
0.57432443,-74.1276,40.81124
0.591788722,-74.1185,40.81124
0.609814899,-74.1094,40.81124
0.626626534,-74.1003,40.81124
0.642033215,-74.0912,40.81124
0.655947959,-74.0821,40.81124
0.668447793,-74.073,40.81124
0.680615453,-74.0639,40.81124
0.692550861,-74.0548,40.81124
0.704121241,-74.0457,40.81124
0.715178776,-74.0366,40.81124
0.725520557,-74.0275,40.81124
0.73481455,-74.0184,40.81124
0.742495688,-74.0093,40.81124
0.747640903,-74.0002,40.81124
0.748801699,-73.9911,40.81124
0.743929224,-73.982,40.81124
0.732177226,-73.9729,40.81124
0.724580081,-73.9638,40.81124
0.714210563,-73.9547,40.81124
0.666884611,-73.9456,40.81124
0.654241014,-73.9365,40.81124
0.638005497,-73.9274,40.81124
0.600752843,-73.9183,40.81124
0.563512179,-73.9092,40.81124
0.525457705,-73.9001,40.81124
0.506063754,-73.891,40.81124
0.480298365,-73.8819,40.81124
0.447966669,-73.8728,40.81124
0.416715474,-73.8637,40.81124
0.38755881,-73.8546,40.81124
0.358402319,-73.8455,40.81124
0.329530661,-73.8364,40.81124
0.305906316,-73.8273,40.81124
0.288944158,-73.8182,40.81124
0.275337987,-73.8091,40.81124
0.262173826,-73.8,40.81124
0.249756258,-73.7909,40.81124
0.241560446,-73.7818,40.81124
0.241478916,-73.7727,40.81124
0.250132042,-73.7636,40.81124
0.265612198,-73.7545,40.81124
0.285290131,-73.7454,40.81124
0.306981419,-73.7363,40.81124
0.329080171,-73.7272,40.81124
0.350401827,-73.7181,40.81124
0.370112718,-73.709,40.81124
0.387523927,-73.6999,40.81124
0.497478158,-74.1731,40.81776
0.512598832,-74.164,40.81776
0.526803797,-74.1549,40.81776
0.542262776,-74.1458,40.81776
0.558554679,-74.1367,40.81776
0.575075882,-74.1276,40.81776
0.591820559,-74.1185,40.81776
0.609269376,-74.1094,40.81776
0.625574786,-74.1003,40.81776
0.640423075,-74.0912,40.81776
0.653744784,-74.0821,40.81776
0.665546906,-74.073,40.81776
0.676875383,-74.0639,40.81776
0.687938464,-74.0548,40.81776
0.698590567,-74.0457,40.81776
0.708659921,-74.0366,40.81776
0.717915108,-74.0275,40.81776
0.726012632,-74.0184,40.81776
0.732432949,-74.0093,40.81776
0.736424442,-74.0002,40.81776
0.737016149,-73.9911,40.81776
0.733399539,-73.982,40.81776
0.726643068,-73.9729,40.81776
0.721591066,-73.9638,40.81776
0.702242101,-73.9547,40.81776
0.645304525,-73.9456,40.81776
0.628547892,-73.9365,40.81776
0.638777715,-73.9274,40.81776
0.61828579,-73.9183,40.81776
0.585800971,-73.9092,40.81776
0.557287262,-73.9001,40.81776
0.52232497,-73.891,40.81776
0.488052434,-73.8819,40.81776
0.448098545,-73.8728,40.81776
0.414760472,-73.8637,40.81776
0.388483177,-73.8546,40.81776
0.36082056,-73.8455,40.81776
0.329419951,-73.8364,40.81776
0.305805616,-73.8273,40.81776
0.292831686,-73.8182,40.81776
0.284659023,-73.8091,40.81776
0.275870642,-73.8,40.81776
0.266785534,-73.7909,40.81776
0.260952404,-73.7818,40.81776
0.260907227,-73.7727,40.81776
0.267406175,-73.7636,40.81776
0.279555849,-73.7545,40.81776
0.295671063,-73.7454,40.81776
0.314062839,-73.7363,40.81776
0.333336607,-73.7272,40.81776
0.352423016,-73.7181,40.81776
0.37049491,-73.709,40.81776
0.386861278,-73.6999,40.81776
0.49895463,-74.1731,40.82428
0.514312738,-74.164,40.82428
0.528568772,-74.1549,40.82428
0.543482134,-74.1458,40.82428
0.559228979,-74.1367,40.82428
0.575147734,-74.1276,40.82428
0.591192734,-74.1185,40.82428
0.607890498,-74.1094,40.82428
0.623815169,-74.1003,40.82428
0.638124878,-74.0912,40.82428
0.650873661,-74.0821,40.82428
0.662015392,-74.073,40.82428
0.672503353,-74.0639,40.82428
0.682693378,-74.0548,40.82428
0.692434907,-74.0457,40.82428
0.701549836,-74.0366,40.82428
0.709809172,-74.0275,40.82428
0.716902594,-74.0184,40.82428
0.722412056,-74.0093,40.82428
0.725816481,-74.0002,40.82428
0.726594553,-73.9911,40.82428
0.724569783,-73.982,40.82428
0.720406669,-73.9729,40.82428
0.713633308,-73.9638,40.82428
0.693578572,-73.9547,40.82428
0.650792453,-73.9456,40.82428
0.625779031,-73.9365,40.82428
0.643353821,-73.9274,40.82428
0.630878284,-73.9183,40.82428
0.60458448,-73.9092,40.82428
0.577784306,-73.9001,40.82428
0.54800714,-73.891,40.82428
0.509746475,-73.8819,40.82428
0.462321164,-73.8728,40.82428
0.418354499,-73.8637,40.82428
0.399357492,-73.8546,40.82428
0.374474301,-73.8455,40.82428
0.337227413,-73.8364,40.82428
0.309340656,-73.8273,40.82428
0.301879428,-73.8182,40.82428
0.299150471,-73.8091,40.82428
0.293188265,-73.8,40.82428
0.286156636,-73.7909,40.82428
0.281290703,-73.7818,40.82428
0.280634602,-73.7727,40.82428
0.285063927,-73.7636,40.82428
0.294248053,-73.7545,40.82428
0.30712657,-73.7454,40.82428
0.322437497,-73.7363,40.82428
0.339021635,-73.7272,40.82428
0.355936994,-73.7181,40.82428
0.372280978,-73.709,40.82428
0.387498352,-73.6999,40.82428
0.499723572,-74.1731,40.8308
0.515242181,-74.164,40.8308
0.529644132,-74.1549,40.8308
0.544060695,-74.1458,40.8308
0.559256657,-74.1367,40.8308
0.574569891,-74.1276,40.8308
0.589931635,-74.1185,40.8308
0.605761416,-74.1094,40.8308
0.621370282,-74.1003,40.8308
0.635161303,-74.0912,40.8308
0.647357616,-74.0821,40.8308
0.657885391,-74.073,40.8308
0.667534845,-74.0639,40.8308
0.676856662,-74.0548,40.8308
0.685702116,-74.0457,40.8308
0.693899499,-74.0366,40.8308
0.701241227,-74.0275,40.8308
0.707472127,-74.0184,40.8308
0.712290832,-74.0093,40.8308
0.715387083,-74.0002,40.8308
0.716548177,-73.9911,40.8308
0.715823069,-73.982,40.8308
0.713370726,-73.9729,40.8308
0.70772154,-73.9638,40.8308
0.692920152,-73.9547,40.8308
0.66165919,-73.9456,40.8308
0.644820492,-73.9365,40.8308
0.660052359,-73.9274,40.8308
0.644008491,-73.9183,40.8308
0.614222468,-73.9092,40.8308
0.591626573,-73.9001,40.8308
0.574805658,-73.891,40.8308
0.54792586,-73.8819,40.8308
0.495762515,-73.8728,40.8308
0.446091152,-73.8637,40.8308
0.42575764,-73.8546,40.8308
0.404276022,-73.8455,40.8308
0.367037856,-73.8364,40.8308
0.31690307,-73.8273,40.8308
0.321148266,-73.8182,40.8308
0.320321185,-73.8091,40.8308
0.314686388,-73.8,40.8308
0.307927446,-73.7909,40.8308
0.302647183,-73.7818,40.8308
0.300692488,-73.7727,40.8308
0.302952089,-73.7636,40.8308
0.309380709,-73.7545,40.8308
0.319301975,-73.7454,40.8308
0.331772024,-73.7363,40.8308
0.345840504,-73.7272,40.8308
0.360627626,-73.7181,40.8308
0.375248718,-73.709,40.8308
0.389266844,-73.6999,40.8308
0.499851534,-74.1731,40.83732
0.51537987,-74.164,40.83732
0.529972873,-74.1549,40.83732
0.544024628,-74.1458,40.83732
0.558665701,-74.1367,40.83732
0.573371941,-74.1276,40.83732
0.588070381,-74.1185,40.83732
0.603039888,-74.1094,40.83732
0.61823434,-74.1003,40.83732
0.631555159,-74.0912,40.83732
0.643220128,-74.0821,40.83732
0.653183898,-74.073,40.83732
0.662005364,-74.0639,40.83732
0.67046632,-74.0548,40.83732
0.678430651,-74.0457,40.83732
0.685740146,-74.0366,40.83732
0.692216583,-74.0275,40.83732
0.69766339,-74.0184,40.83732
0.701883128,-74.0093,40.83732
0.70472467,-74.0002,40.83732
0.70616593,-73.9911,40.83732
0.706377778,-73.982,40.83732
0.705545559,-73.9729,40.83732
0.703228619,-73.9638,40.83732
0.698345591,-73.9547,40.83732
0.691001691,-73.9456,40.83732
0.685459422,-73.9365,40.83732
0.67926325,-73.9274,40.83732
0.647001103,-73.9183,40.83732
0.610642167,-73.9092,40.83732
0.596599921,-73.9001,40.83732
0.593781485,-73.891,40.83732
0.587859631,-73.8819,40.83732
0.530380827,-73.8728,40.83732
0.485479023,-73.8637,40.83732
0.462300256,-73.8546,40.83732
0.446420893,-73.8455,40.83732
0.412779716,-73.8364,40.83732
0.369384561,-73.8273,40.83732
0.355147881,-73.8182,40.83732
0.348458011,-73.8091,40.83732
0.340290377,-73.8,40.83732
0.331783055,-73.7909,40.83732
0.324832918,-73.7818,40.83732
0.320943319,-73.7727,40.83732
0.320878888,-73.7636,40.83732
0.324684866,-73.7545,40.83732
0.33189037,-73.7454,40.83732
0.341762262,-73.7363,40.83732
0.35351115,-73.7272,40.83732
0.3662191,-73.7181,40.83732
0.379178969,-73.709,40.83732
0.392098424,-73.6999,40.83732
0.499361118,-74.1731,40.84384
0.514697516,-74.164,40.84384
0.529524904,-74.1549,40.84384
0.543397683,-74.1458,40.84384
0.557483796,-74.1367,40.84384
0.571583173,-74.1276,40.84384
0.585625948,-74.1185,40.84384
0.599764183,-74.1094,40.84384
0.614309467,-74.1003,40.84384
0.627329229,-74.0912,40.84384
0.638484812,-74.0821,40.84384
0.647910916,-74.073,40.84384
0.655950089,-74.0639,40.84384
0.663557882,-74.0548,40.84384
0.670652848,-74.0457,40.84384
0.677092333,-74.0366,40.84384
0.682726908,-74.0275,40.84384
0.687409779,-74.0184,40.84384
0.691020706,-74.0093,40.84384
0.693511184,-74.0002,40.84384
0.694967318,-73.9911,40.84384
0.695656661,-73.982,40.84384
0.696012536,-73.9729,40.84384
0.696757209,-73.9638,40.84384
0.700258278,-73.9547,40.84384
0.714898267,-73.9456,40.84384
0.72845961,-73.9365,40.84384
0.673256324,-73.9274,40.84384
0.618956865,-73.9183,40.84384
0.594470752,-73.9092,40.84384
0.590273471,-73.9001,40.84384
0.59473074,-73.891,40.84384
0.58873074,-73.8819,40.84384
0.550699189,-73.8728,40.84384
0.515257492,-73.8637,40.84384
0.495790099,-73.8546,40.84384
0.486721862,-73.8455,40.84384
0.454570185,-73.8364,40.84384
0.417971215,-73.8273,40.84384
0.395898917,-73.8182,40.84384
0.381606257,-73.8091,40.84384
0.368773283,-73.8,40.84384
0.356962328,-73.7909,40.84384
0.347378919,-73.7818,40.84384
0.341076827,-73.7727,40.84384
0.338581052,-73.7636,40.84384
0.33989005,-73.7545,40.84384
0.344610414,-73.7454,40.84384
0.352130722,-73.7363,40.84384
0.361708989,-73.7272,40.84384
0.372470601,-73.7181,40.84384
0.383870367,-73.709,40.84384
0.395889394,-73.6999,40.84384
0.49827467,-74.1731,40.85036
0.513215383,-74.164,40.85036
0.528294106,-74.1549,40.85036
0.542155242,-74.1458,40.85036
0.555738301,-74.1367,40.85036
0.569232559,-74.1276,40.85036
0.582623558,-74.1185,40.85036
0.595959869,-74.1094,40.85036
0.609704822,-74.1003,40.85036
0.622504829,-74.0912,40.85036
0.633175235,-74.0821,40.85036
0.642087258,-74.073,40.85036
0.649404172,-74.0639,40.85036
0.656165927,-74.0548,40.85036
0.66239906,-74.0457,40.85036
0.667974811,-74.0366,40.85036
0.672766555,-74.0275,40.85036
0.676662165,-74.0184,40.85036
0.679587643,-74.0093,40.85036
0.681544568,-74.0002,40.85036
0.682657321,-73.9911,40.85036
0.683219156,-73.982,40.85036
0.683756452,-73.9729,40.85036
0.6852739,-73.9638,40.85036
0.689890677,-73.9547,40.85036
0.699582819,-73.9456,40.85036
0.698433945,-73.9365,40.85036
0.634980295,-73.9274,40.85036
0.568508957,-73.9183,40.85036
0.56761935,-73.9092,40.85036
0.57530046,-73.9001,40.85036
0.585822714,-73.891,40.85036
0.580043659,-73.8819,40.85036
0.557365481,-73.8728,40.85036
0.533365653,-73.8637,40.85036
0.518686435,-73.8546,40.85036
0.510145923,-73.8455,40.85036
0.487135962,-73.8364,40.85036
0.459213435,-73.8273,40.85036
0.436313694,-73.8182,40.85036
0.416511772,-73.8091,40.85036
0.398277263,-73.8,40.85036
0.382329624,-73.7909,40.85036
0.369581439,-73.7818,40.85036
0.360640403,-73.7727,40.85036
0.355728381,-73.7636,40.85036
0.354713343,-73.7545,40.85036
0.357196556,-73.7454,40.85036
0.362619134,-73.7363,40.85036
0.370166487,-73.7272,40.85036
0.379160748,-73.7181,40.85036
0.38926019,-73.709,40.85036
0.400513813,-73.6999,40.85036
0.496614853,-74.1731,40.85688
0.511064191,-74.164,40.85688
0.526250351,-74.1549,40.85688
0.540238882,-74.1458,40.85688
0.553456206,-74.1367,40.85688
0.566348714,-74.1276,40.85688
0.579093391,-74.1185,40.85688
0.591662749,-74.1094,40.85688
0.604536959,-74.1003,40.85688
0.616991336,-74.0912,40.85688
0.627314843,-74.0821,40.85688
0.635737329,-74.073,40.85688
0.642403329,-74.0639,40.85688
0.648325763,-74.0548,40.85688
0.653701375,-74.0457,40.85688
0.658411429,-74.0366,40.85688
0.662343624,-74.0275,40.85688
0.665403826,-74.0184,40.85688
0.667535111,-74.0093,40.85688
0.668743974,-74.0002,40.85688
0.6691293,-73.9911,40.85688
0.66890757,-73.982,40.85688
0.668436217,-73.9729,40.85688
0.668216289,-73.9638,40.85688
0.668460542,-73.9547,40.85688
0.666026193,-73.9456,40.85688
0.645824597,-73.9365,40.85688
0.584923854,-73.9274,40.85688
0.528392466,-73.9183,40.85688
0.53958215,-73.9092,40.85688
0.563634447,-73.9001,40.85688
0.574797222,-73.891,40.85688
0.569222524,-73.8819,40.85688
0.55581575,-73.8728,40.85688
0.540727146,-73.8637,40.85688
0.530857292,-73.8546,40.85688
0.524661816,-73.8455,40.85688
0.512597754,-73.8364,40.85688
0.49429062,-73.8273,40.85688
0.474875167,-73.8182,40.85688
0.450451601,-73.8091,40.85688
0.426753943,-73.8,40.85688
0.406545303,-73.7909,40.85688
0.390597879,-73.7818,40.85688
0.379097557,-73.7727,40.85688
0.371952269,-73.7636,40.85688
0.368868063,-73.7545,40.85688
0.369400095,-73.7454,40.85688
0.372922166,-73.7363,40.85688
0.378666963,-73.7272,40.85688
0.386123843,-73.7181,40.85688
0.395228246,-73.709,40.85688
0.405875847,-73.6999,40.85688
0.494389869,-74.1731,40.8634
0.508339505,-74.164,40.8634
0.523378583,-74.1549,40.8634
0.537571658,-74.1458,40.8634
0.550663963,-74.1367,40.8634
0.562959831,-74.1276,40.8634
0.575065249,-74.1185,40.8634
0.586910528,-74.1094,40.8634
0.598885878,-74.1003,40.8634
0.610757602,-74.0912,40.8634
0.620926908,-74.0821,40.8634
0.628885603,-74.073,40.8634
0.634984358,-74.0639,40.8634
0.640074754,-74.0548,40.8634
0.64459617,-74.0457,40.8634
0.648435274,-74.0366,40.8634
0.651485449,-74.0275,40.8634
0.653655643,-74.0184,40.8634
0.654882497,-74.0093,40.8634
0.65514343,-74.0002,40.8634
0.65446408,-73.9911,40.8634
0.65290724,-73.982,40.8634
0.6505132,-73.9729,40.8634
0.647078495,-73.9638,40.8634
0.641362481,-73.9547,40.8634
0.628949881,-73.9456,40.8634
0.600348327,-73.9365,40.8634
0.550899313,-73.9274,40.8634
0.510098595,-73.9183,40.8634
0.509420592,-73.9092,40.8634
0.540747389,-73.9001,40.8634
0.555111435,-73.891,40.8634
0.553527194,-73.8819,40.8634
0.547783959,-73.8728,40.8634
0.538806454,-73.8637,40.8634
0.533979451,-73.8546,40.8634
0.534150717,-73.8455,40.8634
0.533871706,-73.8364,40.8634
0.523916217,-73.8273,40.8634
0.511465186,-73.8182,40.8634
0.480897605,-73.8091,40.8634
0.452147465,-73.8,40.8634
0.428245625,-73.7909,40.8634
0.409568459,-73.7818,40.8634
0.395903556,-73.7727,40.8634
0.386887862,-73.7636,40.8634
0.382083845,-73.7545,40.8634
0.380975607,-73.7454,40.8634
0.382817432,-73.7363,40.8634
0.387021928,-73.7272,40.8634
0.393341404,-73.7181,40.8634
0.401662405,-73.709,40.8634
0.411673666,-73.6999,40.8634
0.491607153,-74.1731,40.86992
0.505070637,-74.164,40.86992
0.519690044,-74.1549,40.86992
0.534122356,-74.1458,40.86992
0.547311927,-74.1367,40.86992
0.5590936,-74.1276,40.86992
0.570568461,-74.1185,40.86992
0.581736645,-74.1094,40.86992
0.592821453,-74.1003,40.86992
0.604003328,-74.0912,40.86992
0.613949068,-74.0821,40.86992
0.621556671,-74.073,40.86992
0.627180135,-74.0639,40.86992
0.63145297,-74.0548,40.86992
0.635125247,-74.0457,40.86992
0.638090019,-74.0366,40.86992
0.640239194,-74.0275,40.86992
0.641473699,-74.0184,40.86992
0.641708132,-74.0093,40.86992
0.640871146,-74.0002,40.86992
0.638892822,-73.9911,40.86992
0.635661106,-73.982,40.86992
0.630906766,-73.9729,40.86992
0.623918495,-73.9638,40.86992
0.612916271,-73.9547,40.86992
0.594206571,-73.9456,40.86992
0.56308603,-73.9365,40.86992
0.520932836,-73.9274,40.86992
0.483683859,-73.9183,40.86992
0.468683051,-73.9092,40.86992
0.4955056,-73.9001,40.86992
0.518722664,-73.891,40.86992
0.531554372,-73.8819,40.86992
0.534062817,-73.8728,40.86992
0.528164263,-73.8637,40.86992
0.528160093,-73.8546,40.86992
0.536442881,-73.8455,40.86992
0.55004654,-73.8364,40.86992
0.564123997,-73.8273,40.86992
0.540641103,-73.8182,40.86992
0.504738748,-73.8091,40.86992
0.472523911,-73.8,40.86992
0.446227882,-73.7909,40.86992
0.425745586,-73.7818,40.86992
0.410585419,-73.7727,40.86992
0.400220165,-73.7636,40.86992
0.394131019,-73.7545,40.86992
0.391652346,-73.7454,40.86992
0.392134567,-73.7363,40.86992
0.395178998,-73.7272,40.86992
0.400682683,-73.7181,40.86992
0.40848334,-73.709,40.86992
0.41771902,-73.6999,40.86992
0.488389617,-74.1731,40.87644
0.501283446,-74.164,40.87644
0.515332155,-74.1549,40.87644
0.529871181,-74.1458,40.87644
0.543260508,-74.1367,40.87644
0.554777104,-74.1276,40.87644
0.565631765,-74.1185,40.87644
0.576142292,-74.1094,40.87644
0.586383036,-74.1003,40.87644
0.596781938,-74.0912,40.87644
0.606273833,-74.0821,40.87644
0.613775112,-74.073,40.87644
0.618967913,-74.0639,40.87644
0.622503131,-74.0548,40.87644
0.625335584,-74.0457,40.87644
0.627428916,-74.0366,40.87644
0.628668753,-74.0275,40.87644
0.628941582,-74.0184,40.87644
0.628132806,-74.0093,40.87644
0.626117165,-74.0002,40.87644
0.622732374,-73.9911,40.87644
0.617719088,-73.982,40.87644
0.610596862,-73.9729,40.87644
0.600432808,-73.9638,40.87644
0.585513741,-73.9547,40.87644
0.563281862,-73.9456,40.87644
0.531693132,-73.9365,40.87644
0.492857089,-73.9274,40.87644
0.454810298,-73.9183,40.87644
0.426848874,-73.9092,40.87644
0.439085549,-73.9001,40.87644
0.469427907,-73.891,40.87644
0.505367014,-73.8819,40.87644
0.515238639,-73.8728,40.87644
0.507771529,-73.8637,40.87644
0.512581111,-73.8546,40.87644
0.529580313,-73.8455,40.87644
0.554223032,-73.8364,40.87644
0.576488215,-73.8273,40.87644
0.556103064,-73.8182,40.87644
0.519182094,-73.8091,40.87644
0.486450809,-73.8,40.87644
0.459659186,-73.7909,40.87644
0.438614428,-73.7818,40.87644
0.422812497,-73.7727,40.87644
0.411724801,-73.7636,40.87644
0.404776458,-73.7545,40.87644
0.401281611,-73.7454,40.87644
0.400772087,-73.7363,40.87644
0.403130309,-73.7272,40.87644
0.408144579,-73.7181,40.87644
0.415389725,-73.709,40.87644
0.424106389,-73.6999,40.87644
0.484827209,-74.1731,40.88296
0.497005853,-74.164,40.88296
0.510446708,-74.1549,40.88296
0.524792675,-74.1458,40.88296
0.538363558,-74.1367,40.88296
0.550034504,-74.1276,40.88296
0.560283168,-74.1185,40.88296
0.570150174,-74.1094,40.88296
0.579609657,-74.1003,40.88296
0.589114385,-74.0912,40.88296
0.598102975,-74.0821,40.88296
0.605473245,-74.073,40.88296
0.610359642,-74.0639,40.88296
0.6132699,-74.0548,40.88296
0.615278031,-74.0457,40.88296
0.616512136,-74.0366,40.88296
0.616849358,-74.0275,40.88296
0.616159861,-74.0184,40.88296
0.614300151,-74.0093,40.88296
0.61109757,-74.0002,40.88296
0.606318425,-73.9911,40.88296
0.599608351,-73.982,40.88296
0.590391678,-73.9729,40.88296
0.577731644,-73.9638,40.88296
0.560233155,-73.9547,40.88296
0.536280311,-73.9456,40.88296
0.505082522,-73.9365,40.88296
0.468334163,-73.9274,40.88296
0.430362951,-73.9183,40.88296
0.395883957,-73.9092,40.88296
0.384907833,-73.9001,40.88296
0.413885944,-73.891,40.88296
0.470035206,-73.8819,40.88296
0.483307995,-73.8728,40.88296
0.475568016,-73.8637,40.88296
0.487609641,-73.8546,40.88296
0.513660674,-73.8455,40.88296
0.544818837,-73.8364,40.88296
0.572253681,-73.8273,40.88296
0.555163272,-73.8182,40.88296
0.523250358,-73.8091,40.88296
0.493468653,-73.8,40.88296
0.468254678,-73.7909,40.88296
0.447977689,-73.7818,40.88296
0.432443385,-73.7727,40.88296
0.421274178,-73.7636,40.88296
0.41387464,-73.7545,40.88296
0.409778159,-73.7454,40.88296
0.408820388,-73.7363,40.88296
0.410785221,-73.7272,40.88296
0.415605252,-73.7181,40.88296
0.422330306,-73.709,40.88296
0.430407523,-73.6999,40.88296
0.480546655,-74.1731,40.88948
0.492452231,-74.164,40.88948
0.505084173,-74.1549,40.88948
0.51892644,-74.1458,40.88948
0.532655133,-74.1367,40.88948
0.544757544,-74.1276,40.88948
0.554549808,-74.1185,40.88948
0.563789146,-74.1094,40.88948
0.572539682,-74.1003,40.88948
0.581139999,-74.0912,40.88948
0.589546135,-74.0821,40.88948
0.596521097,-74.073,40.88948
0.601382067,-74.0639,40.88948
0.603798734,-74.0548,40.88948
0.605005323,-74.0457,40.88948
0.605403227,-74.0366,40.88948
0.604861264,-74.0275,40.88948
0.603235072,-74.0184,40.88948
0.600357929,-74.0093,40.88948
0.596023429,-74.0002,40.88948
0.589955215,-73.9911,40.88948
0.581758931,-73.982,40.88948
0.570857144,-73.9729,40.88948
0.556431016,-73.9638,40.88948
0.537452521,-73.9547,40.88948
0.512978375,-73.9456,40.88948
0.482859657,-73.9365,40.88948
0.448600317,-73.9274,40.88948
0.413177979,-73.9183,40.88948
0.38105072,-73.9092,40.88948
0.364487017,-73.9001,40.88948
0.387011114,-73.891,40.88948
0.425189115,-73.8819,40.88948
0.436597051,-73.8728,40.88948
0.432519059,-73.8637,40.88948
0.457030584,-73.8546,40.88948
0.491613603,-73.8455,40.88948
0.52486866,-73.8364,40.88948
0.547758619,-73.8273,40.88948
0.540812907,-73.8182,40.88948
0.518485595,-73.8091,40.88948
0.49426737,-73.8,40.88948
0.472325089,-73.7909,40.88948
0.453974834,-73.7818,40.88948
0.43953585,-73.7727,40.88948
0.428789701,-73.7636,40.88948
0.421416767,-73.7545,40.88948
0.417264326,-73.7454,40.88948
0.416242371,-73.7363,40.88948
0.418302537,-73.7272,40.88948
0.422840225,-73.7181,40.88948
0.429118544,-73.709,40.88948
0.436140591,-73.6999,40.88948
0.475442353,-74.1731,40.896
0.487307464,-74.164,40.896
0.499322173,-74.1549,40.896
0.512465294,-74.1458,40.896
0.52615559,-74.1367,40.896
0.538677606,-74.1276,40.896
0.548457796,-74.1185,40.896
0.557086977,-74.1094,40.896
0.56519471,-74.1003,40.896
0.572921768,-74.0912,40.896
0.580607257,-74.0821,40.896
0.587132133,-74.073,40.896
0.591920354,-74.0639,40.896
0.594120282,-74.0548,40.896
0.594569825,-74.0457,40.896
0.594165402,-74.0366,40.896
0.592783668,-74.0275,40.896
0.590270006,-74.0184,40.896
0.586443111,-74.0093,40.896
0.581079104,-74.0002,40.896
0.573887415,-73.9911,40.896
0.564478858,-73.982,40.896
0.552334448,-73.9729,40.896
0.536803357,-73.9638,40.896
0.517192247,-73.9547,40.896
0.493048566,-73.9456,40.896
0.464704812,-73.9365,40.896
0.433538316,-73.9274,40.896
0.402070687,-73.9183,40.896
0.375245794,-73.9092,40.896
0.362797802,-73.9001,40.896
0.373328629,-73.891,40.896
0.392961398,-73.8819,40.896
0.3985667,-73.8728,40.896
0.388764029,-73.8637,40.896
0.430024586,-73.8546,40.896
0.468608066,-73.8455,40.896
0.500830942,-73.8364,40.896
0.520693314,-73.8273,40.896
0.521240107,-73.8182,40.896
0.508142671,-73.8091,40.896
0.490371921,-73.8,40.896
0.47264801,-73.7909,40.896
0.457026227,-73.7818,40.896
0.444233699,-73.7727,40.896
0.434391786,-73.7636,40.896
0.427560089,-73.7545,40.896
0.423840778,-73.7454,40.896
0.423183914,-73.7363,40.896
0.425464262,-73.7272,40.896
0.429758398,-73.7181,40.896
0.435186167,-73.709,40.896
0.441226342,-73.6999,40.896
0.469820624,-74.1731,40.90252
0.481420088,-74.164,40.90252
0.493075406,-74.1549,40.90252
0.505544607,-74.1458,40.90252
0.518867418,-74.1367,40.90252
0.531708925,-74.1276,40.90252
0.541968489,-74.1185,40.90252
0.550070162,-74.1094,40.90252
0.557559818,-74.1003,40.90252
0.564498286,-74.0912,40.90252
0.571318818,-74.0821,40.90252
0.577442013,-74.073,40.90252
0.581870659,-74.0639,40.90252
0.584168079,-74.0548,40.90252
0.584021358,-74.0457,40.90252
0.582858182,-74.0366,40.90252
0.580689648,-74.0275,40.90252
0.57735638,-74.0184,40.90252
0.572671974,-74.0093,40.90252
0.56641057,-74.0002,40.90252
0.558290803,-73.9911,40.90252
0.547959716,-73.982,40.90252
0.534987795,-73.9729,40.90252
0.518899746,-73.9638,40.90252
0.49930147,-73.9547,40.90252
0.476173105,-73.9456,40.90252
0.449965121,-73.9365,40.90252
0.421845815,-73.9274,40.90252
0.394481994,-73.9183,40.90252
0.372253493,-73.9092,40.90252
0.361214423,-73.9001,40.90252
0.364120759,-73.891,40.90252
0.373447644,-73.8819,40.90252
0.378402237,-73.8728,40.90252
0.384547978,-73.8637,40.90252
0.413909863,-73.8546,40.90252
0.44882023,-73.8455,40.90252
0.47816187,-73.8364,40.90252
0.49677551,-73.8273,40.90252
0.501592453,-73.8182,40.90252
0.495351214,-73.8091,40.90252
0.483532968,-73.8,40.90252
0.470225381,-73.7909,40.90252
0.457663611,-73.7818,40.90252
0.446852709,-73.7727,40.90252
0.438349751,-73.7636,40.90252
0.432580507,-73.7545,40.90252
0.4296361,-73.7454,40.90252
0.429766426,-73.7363,40.90252
0.432098239,-73.7272,40.90252
0.435820294,-73.7181,40.90252
0.44042243,-73.709,40.90252
0.445615896,-73.6999,40.90252
